Pacific Northwest -- Coastal Washington -- Olympic Peninsula -- Olympia
Pacific Northwest -- Coastal Washington -- Olympic Peninsula -- Port Townsend & East Jefferson County
Pacific Northwest -- Coastal Washington -- Olympic Peninsula -- Sequim & Dungeness Spit
Pacific Northwest -- Coastal Washington -- Olympic Peninsula -- Port Angeles & Olympic National Park

Pacific Northwest -- Coastal Washington -- Seattle & Puget Sound -- Seattle (Downtown Seattle, Capitol Hill, Pike Place Market) & Eastside
Pacific Northwest -- Coastal Washington -- Seattle & Puget Sound -- Tacoma & Pierce County
Pacific Northwest -- Coastal Washington -- Seattle & Puget Sound -- Everett & Snohomish County

Pacific Northwest -- Coastal Washington -- Bellingham & Whatcom County -- Bellingham & Fairhaven
Pacific Northwest -- Coastal Washington -- Bellingham & Whatcom County -- San Juan Islands Ferry & Chuckanut Drive

---------------------------------------------------------------

Pacific Northwest -- Cascadia & Willamette Valley -- Portland & Columbia River Gorge -- Downtown Portland (Downtown Portland, Pearl District, Mississippi Avenue) & East Bank
Pacific Northwest -- Cascadia & Willamette Valley -- Portland & Columbia River Gorge -- West Portland & Washington Park
Pacific Northwest -- Cascadia & Willamette Valley -- Portland & Columbia River Gorge -- Columbia River Gorge

Pacific Northwest -- Cascadia & Willamette Valley -- Portland Metro & Willamette Valley -- Salem

Pacific Northwest -- Cascadia & Willamette Valley -- Eugene & Willamette Valley -- Eugene & Springfield
Pacific Northwest -- Cascadia & Willamette Valley -- Eugene & Willamette Valley -- Corvallis & Benton County
Pacific Northwest -- Cascadia & Willamette Valley -- Eugene & Willamette Valley -- Willamette Valley Wine Country

---------------------------------------------------------------
???????????????????????????????????????????????????????????????

**
Pacific Northwest -- Interior Northwest -- Bend & Central Oregon (Deschutes County, OR) -- Bend
Pacific Northwest -- Columbia Basin & Eastern Oregon -- Bend & Central Oregon -- Bend & Deschutes River
Pacific Northwest -- Columbia Basin & Eastern Oregon -- Bend & Central Oregon -- Sunriver & High Cascade Mountains
Pacific Northwest -- Columbia Basin & Eastern Oregon -- Bend & Central Oregon -- Prineville & Ochoco National Forest
**

**
Pacific Northwest -- Eastern Washington & Columbia Basin -- Spokane & Eastern Washington -- Spokane (Downtown Spokane, Spokane Arena) 
Pacific Northwest -- Eastern Washington & Columbia Basin -- Spokane & Eastern Washington -- Tri-Cities (Benton & Franklin Counties, WA): Richland, Pasco, Kennewick
Pacific Northwest -- Interior Northwest -- Spokane & Eastern Washington -- Spokane & Riverfront Park
Pacific Northwest -- Interior Northwest -- Spokane & Eastern Washington -- Spokane Valley & Liberty Lake
Pacific Northwest -- Interior Northwest -- Spokane & Eastern Washington -- Coeur d'Alene, ID
**

Pacific Northwest -- Interior Northwest -- Missoula & Western Montana -- Missoula & University of Montana
Pacific Northwest -- Interior Northwest -- Missoula & Western Montana -- Flathead Lake & Glacier National Park
Pacific Northwest -- Interior Northwest -- Missoula & Western Montana -- Helena & Lewis and Clark National Forest

???????????????????????????????????????????????????????????????
---------------------------------------------------------------

Pacific Northwest -- Salish Sea -- Bellingham & Whatcom County -- Bellingham

Pacific Northwest -- Salish Sea -- Bellingham & Whatcom County -- San Juan Islands -- Friday Harbor & Orcas Island
Pacific Northwest -- Salish Sea -- Bellingham & Whatcom County -- San Juan Islands -- Lopez Island & Shaw Island

Pacific Northwest -- Salish Sea -- Whidbey Island & Camano Island -- Coupeville & Central Whidbey
Pacific Northwest -- Salish Sea -- Whidbey Island & Camano Island -- Langley & Freeland (art, wineries)
Pacific Northwest -- Salish Sea -- Whidbey Island & Camano Island -- Camano Island State Park & Stanwood (beaches)


---------------------------------------------------------------

Pacific Northwest -- North Cascades & Mountains -- North Cascades National Park -- Marblemount & Mount Baker
Pacific Northwest -- North Cascades & Mountains -- North Cascades National Park -- Mazama & Methow Valley
Pacific Northwest -- North Cascades & Mountains -- North Cascades National Park -- Winthrop & Sun Valley

---------------------------------------------------------------
???????????????????????????????????????????????????????????????

Pacific Northwest -- Oregon Coast & Coast Range -- Southern Oregon Coast -- Coos Bay & North Bend (Oregon Dunes)
Pacific Northwest -- Oregon Coast & Coast Range -- Southern Oregon Coast -- Bandon & Face Rock State Park
Pacific Northwest -- Oregon Coast & Coast Range -- Southern Oregon Coast -- Port Orford & Cape Blanco (wildlife viewing)

Pacific Northwest -- Oregon Coast & Coast Range -- Central Oregon Coast -- Lincoln City & Devils Lake
Pacific Northwest -- Oregon Coast & Coast Range -- Central Oregon Coast -- Newport & Yaquina Bay (aquarium)
Pacific Northwest -- Oregon Coast & Coast Range -- Central Oregon Coast -- Waldport & Alsea Bay (kayaking, boating)

Pacific Northwest -- Oregon Coast & Coast Range -- Northern Oregon Coast -- Cannon Beach & Haystack Rock
Pacific Northwest -- Oregon Coast & Coast Range -- Northern Oregon Coast -- Seaside & Promenade
Pacific Northwest -- Oregon Coast & Coast Range -- Northern Oregon Coast -- Astoria & Columbia River Maritime Museum

Pacific Northwest -- Oregon Coast -- Eugene & Coast Range (Lane County, OR) -- Eugene (Oregon Coast access point)

Pacific Northwest -- Oregon Coast -- Newport & Lincoln County -- Newport (Oregon Coast Aquarium, Nye Beach)

???????????????????????????????????????????????????????????????
---------------------------------------------------------------
???????????????????????????????????????????????????????????????

Pacific Northwest -- Idaho Panhandle (refer to Rocky Mountains list) -- Coeur d'Alene & Kootenai County (ID) (Resort town with music festivals and events)

???????????????????????????????????????????????????????????????
---------------------------------------------------------------
---------------------------------------------------------------
---------------------------------------------------------------
---------------------------------------------------------------
---------------------------------------------------------------
---------------------------------------------------------------

West Coast -- Southern California -- Los Angeles Basin & SoCal Beaches -- Los Angeles & Hollywood -- Downtown LA & Historic Core
West Coast -- Southern California -- Los Angeles Basin & SoCal Beaches -- Los Angeles & Hollywood -- Hollywood & West Hollywood
West Coast -- Southern California -- Los Angeles Basin & SoCal Beaches -- Los Angeles & Hollywood -- Silver Lake & Echo Park
West Coast -- Southern California -- Los Angeles Basin & SoCal Beaches -- Los Angeles Metro (Los Angeles County) -- Los Angeles (Downtown LA, Hollywood, West Hollywood)
West Coast -- Southern California -- Los Angeles Basin & SoCal Beaches -- Los Angeles Metro (Los Angeles County) -- Long Beach (Los Angeles County)
West Coast -- Southern California -- Los Angeles Basin & SoCal Beaches -- Los Angeles Metro (Los Angeles County) -- Santa Monica (Los Angeles County)
West Coast -- Southern California -- Los Angeles Basin & SoCal Beaches -- Los Angeles Metro (Los Angeles County) -- Glendale (Los Angeles County) 

West Coast -- Southern California -- Los Angeles Basin & SoCal Beaches -- Orange County Beaches -- Anaheim
West Coast -- Southern California -- Los Angeles Basin & SoCal Beaches -- Orange County Beaches -- Huntington Beach
West Coast -- Southern California -- Los Angeles Basin & SoCal Beaches -- Orange County Beaches -- Newport Beach

West Coast -- Southern California -- Los Angeles Basin & SoCal Beaches -- San Fernando Valley -- North Hollywood & Burbank
West Coast -- Southern California -- Los Angeles Basin & SoCal Beaches -- San Fernando Valley -- Glendale & Pasadena
West Coast -- Southern California -- Los Angeles Basin & SoCal Beaches -- San Fernando Valley -- Woodland Hills & Calabasas

---------------------------------------------------------------

West Coast -- Southern California -- San Diego & Baja California -- San Diego City & Beaches -- Gaslamp Quarter & Downtown
West Coast -- Southern California -- San Diego & Baja California -- San Diego City & Beaches -- Pacific Beach & Mission Beach
West Coast -- Southern California -- San Diego & Baja California -- San Diego City & Beaches -- North Park & South Park

West Coast -- Southern California -- San Diego & Baja California -- Tijuana, Baja California [Mexico] (for informational purposes only -- Zona Centro & Tijuana Cultural Center)
West Coast -- Southern California -- San Diego & Baja California -- Tijuana, Baja California [Mexico] (for informational purposes only -- Playas de Tijuana & Rosarito)

---------------------------------------------------------------

West Coast -- Central California -- Inland Empire & Deserts -- Riverside & San Bernardino -- Downtown Riverside
West Coast -- Central California -- Inland Empire & Deserts -- Riverside & San Bernardino -- Montclair & Ontario
West Coast -- Central California -- Inland Empire & Deserts -- Riverside & San Bernardino -- Moreno Valley & Corona
West Coast -- Central California -- Inland Empire & Deserts -- Riverside & San Bernardino -- Rancho Cucamonga

West Coast -- Central California -- Inland Empire & Deserts -- Palm Springs & Coachella Valley -- Cathedral City & Desert Hot Springs
West Coast -- Central California -- Inland Empire & Deserts -- Palm Springs & Coachella Valley -- Palm Springs & Uptown Design District
West Coast -- Central California -- Inland Empire & Deserts -- Palm Springs & Coachella Valley -- Indio & Coachella Valley Music and Arts Festival

---------------------------------------------------------------

West Coast -- Central California -- Central Coast -- Venture -- Ventura

West Coast -- Central California -- Central Coast -- Santa Barbara & American Riviera -- Santa Barbara & Funk Zone
West Coast -- Central California -- Central Coast -- Santa Barbara & American Riviera -- Goleta & University of California Santa Barbara
West Coast -- Central California -- Central Coast -- Santa Barbara & American Riviera -- Montecito & Carpinteria

West Coast -- Central California -- Central Coast -- San Luis Obispo & Pismo Beach -- San Luis Obispo Downtown & Fremont Street
West Coast -- Central California -- Central Coast -- San Luis Obispo & Pismo Beach -- Pismo Beach & Avila Beach
West Coast -- Central California -- Central Coast -- San Luis Obispo & Pismo Beach -- Arroyo Grande Village

West Coast -- Central California -- Central Coast -- Monterey Bay & Carmel -- Monterey Fisherman's Wharf & Cannery Row
West Coast -- Central California -- Central Coast -- Monterey Bay & Carmel -- Carmel-by-the-Sea & Carmel Mission
West Coast -- Central California -- Central Coast -- Monterey Bay & Carmel -- Pacific Grove & Asilomar State Beach


---------------------------------------------------------------

West Coast -- Northern California -- Sacramento & Central Valley -- Sacramento Metro -- Golden 1 Center & K Street
West Coast -- Northern California -- Sacramento & Central Valley -- Sacramento Metro -- Midtown & East Sacramento
West Coast -- Northern California -- Sacramento & Central Valley -- Sacramento Metro -- West Sacramento & Raley Field
West Coast -- Northern California -- Sacramento & Central Valley -- Sacramento Metro -- Roseville (Placer County)

West Coast -- Northern California -- Sacramento & Central Valley -- Fresno & Clovis -- Downtown Fresno & Fulton Mall
West Coast -- Northern California -- Sacramento & Central Valley -- Fresno & Clovis -- Clovis & Old Town Clovis
West Coast -- Northern California -- Sacramento & Central Valley -- Fresno & Clovis -- Fig Garden Village

---------------------------------------------------------------

West Coast -- Central California -- San Francisco Bay Area -- San Francisco -- SoMa & Union Square
West Coast -- Central California -- San Francisco Bay Area -- San Francisco -- North Beach & Chinatown
West Coast -- Central California -- San Francisco Bay Area -- San Francisco -- Golden Gate Park & Haight-Ashbury

West Coast -- Central California -- San Francisco Bay Area -- East Bay -- Oakland -- Downtown Oakland & Jack London Square
West Coast -- Central California -- San Francisco Bay Area -- East Bay -- Berkeley -- Telegraph Avenue & UC Berkeley
West Coast -- Central California -- San Francisco Bay Area -- East Bay -- [Oakland, Berkeley -- Walnut Creek & Concord]

West Coast -- Central California -- San Francisco Bay Area -- South Bay -- [San Jose] -- Downtown San Jose & San Pedro Square
West Coast -- Central California -- San Francisco Bay Area -- South Bay -- [San Jose] -- Santa Clara & Levi's Stadium
West Coast -- Central California -- San Francisco Bay Area -- South Bay -- [San Jose] -- Campbell & Los Gatos

West Coast -- Central California -- San Francisco Bay Area -- Silicon Valley (Santa Clara County)

---------------------------------------------------------------

West Coast -- Northern California -- Redwood Empire & North Coast -- Eureka & Humboldt County -- Eureka & Old Town
West Coast -- Northern California -- Redwood Empire & North Coast -- Eureka & Humboldt County -- Arcata & Humboldt State University
West Coast -- Northern California -- Redwood Empire & North Coast -- Eureka & Humboldt County -- Redwood National and State Parks

West Coast -- Northern California -- Redwood Empire & North Coast -- Wine Country -- Santa Rosa & Sonoma County Wine Country -- Santa Rosa & Downtown
West Coast -- Northern California -- Redwood Empire & North Coast -- Wine Country -- Santa Rosa & Sonoma County Wine Country -- Sonoma & Sonoma Plaza
West Coast -- Northern California -- Redwood Empire & North Coast -- Wine Country -- Santa Rosa & Sonoma County Wine Country -- Healdsburg & Russian River Valley

West Coast -- Northern California -- Redwood Empire & North Coast -- Wine Country -- Napa Valley -- Napa & Oxbow District
West Coast -- Northern California -- Redwood Empire & North Coast -- Wine Country -- Napa Valley -- Yountville & Stags Leap District
West Coast -- Northern California -- Redwood Empire & North Coast -- Wine Country -- Napa Valley -- St. Helena & Calistoga

---------------------------------------------------------------
---------------------------------------------------------------
---------------------------------------------------------------
---------------------------------------------------------------
---------------------------------------------------------------
---------------------------------------------------------------

Rocky Mountains -- Colorado Front Range -- Denver Metro -- Denver (Downtown Denver, LoDo, RiNo) 
Rocky Mountains -- Colorado Front Range -- Denver Metro -- Aurora (Arapahoe County) 
Rocky Mountains -- Colorado Front Range -- Denver Metro -- Lakewood (Jefferson County) 
Rocky Mountains -- Colorado Front Range -- Denver Metro -- Fort Collins (Larimer County) 
Rocky Mountains -- Colorado Front Range -- Denver Metro -- Boulder (Boulder County) 
Rocky Mountains -- Colorado Front Range -- Denver Metro -- Westminster (Adams County)

Rocky Mountains -- Colorado Front Range -- Fort Collins & Northern Colorado -- Old Town Fort Collins & CSU
Rocky Mountains -- Colorado Front Range -- Fort Collins & Northern Colorado -- Estes Park & Rocky Mountain National Park

---------------------------------------------------------------

Rocky Mountains -- Colorado Springs & Pikes Peak Region -- Colorado Springs & Downtown -- Pikes Peak & Manitou Springs
Rocky Mountains -- Colorado Springs & Pikes Peak Region -- Colorado Springs & Downtown -- Old Colorado City & Broadmoor
Rocky Mountains -- Colorado Springs & Pikes Peak Region -- Colorado Springs & Downtown -- Briargate & Military Bases

---------------------------------------------------------------
\
Rocky Mountains -- Wyoming Basins & Big Horn Mountains (WY) -- Sheridan & Big Horn Mountains (Sheridan County) -- Sheridan (Historic downtown)
Rocky Mountains -- Wyoming Basins & Big Horn Mountains (WY) -- Sheridan & Big Horn Mountains (Sheridan County) -- Buffalo (Johnson County) 
Rocky Mountains -- Wyoming Basins & Big Horn Mountains (WY) -- Casper & Casper Events Center -- Downtown Casper & David Street Station
Rocky Mountains -- Wyoming Basins & Big Horn Mountains (WY) -- Casper & Casper Events Center -- East Casper & Casper College
Rocky Mountains -- Wyoming Basins & Big Horn Mountains (WY) -- Casper & Casper Events Center -- Mills & North Platte River

---------------------------------------------------------------

Rocky Mountains -- Jackson Hole & Tetons (WY) -- Jackson & Teton Village -- Jackson Hole Town Square & surrounding areas
Rocky Mountains -- Jackson Hole & Tetons (WY) -- Jackson & Teton Village -- Teton Village & Jackson Hole Mountain Resort
Rocky Mountains -- Jackson Hole & Tetons (WY) -- Jackson & Teton Village -- Grand Teton National Park

---------------------------------------------------------------

Rocky Mountains -- Idaho & Utah -- Boise & Southwestern Idaho (Ada County) -- Boise (Boise Centre, Downtown Boise) 
Rocky Mountains -- Idaho & Utah -- Boise & Southwestern Idaho (Ada County) -- Meridian (Ada County)

Rocky Mountains -- Idaho Rockies -- Boise & Downtown -- Boise River Greenbelt & 8th Street
Rocky Mountains -- Idaho Rockies -- Boise & Downtown -- The Village & Boise State University
Rocky Mountains -- Idaho Rockies -- Boise & Downtown -- Meridian & Idaho Botanical Garden

Rocky Mountains -- Idaho Rockies -- Idaho Falls & Snake River Valley -- Downtown Idaho Falls & Colonial Theater
Rocky Mountains -- Idaho Rockies -- Idaho Falls & Snake River Valley -- Ammon & T-Rex Center
Rocky Mountains -- Idaho Rockies -- Idaho Falls & Snake River Valley -- Rexburg & Brigham Young University-Idaho

---------------------------------------------------------------

Rocky Mountains -- Yellowstone Country -- Bozeman & Big Sky Country -- Bozeman (Montana State University)
Rocky Mountains -- Yellowstone Country -- Bozeman & Big Sky Country -- Big Sky (Ski resort with entertainment options)
Rocky Mountains -- Yellowstone Country -- Bozeman & Big Sky Country -- Livingston (Park County) 

Rocky Mountains -- Yellowstone Country -- Billings & Southeast Montana: Refer to Billings & Southeast Montana in the Great Plains list (covers some of Yellowstone Country)

Rocky Mountains -- Yellowstone Country -- Bozeman & Gallatin Valley -- Downtown Bozeman & Montana State University
Rocky Mountains -- Yellowstone Country -- Bozeman & Gallatin Valley -- Big Sky & Yellowstone Club
Rocky Mountains -- Yellowstone Country -- Bozeman & Gallatin Valley -- Belgrade & Missouri River

---------------------------------------------------------------

Rocky Mountains -- Glacier National Park & Flathead Range -- Kalispell & Flathead Valley (Flathead County) -- Kalispell (Gateway to Glacier National Park) 
Rocky Mountains -- Glacier National Park & Flathead Range -- Kalispell & Flathead Valley (Flathead County) -- Whitefish (Mountain resort town)

---------------------------------------------------------------

Rocky Mountains -- Wasatch Range -- Salt Lake City & Downtown -- Temple Square & Gateway
Rocky Mountains -- Wasatch Range -- Salt Lake City & Downtown -- Sugar House & Trolley Square
Rocky Mountains -- Wasatch Range -- Salt Lake City & Downtown -- Park City & Canyons Resort

Rocky Mountains -- Wasatch Range -- Provo & Utah Valley -- Brigham Young University & Provo Downtown
Rocky Mountains -- Wasatch Range -- Provo & Utah Valley -- Orem & Utah Valley University
Rocky Mountains -- Wasatch Range -- Provo & Utah Valley -- Springville & Art City


---------------------------------------------------------------
---------------------------------------------------------------
---------------------------------------------------------------
---------------------------------------------------------------
---------------------------------------------------------------
---------------------------------------------------------------

Southwest -- Arizona Sun Corridor -- Phoenix & Scottsdale

Southwest -- Arizona Sun Corridor -- Phoenix Metro -- Phoenix (Downtown, Scottsdale Quarter, Mill Avenue)
Southwest -- Arizona Sun Corridor -- Phoenix Metro -- Tempe (Arizona State University)
Southwest -- Arizona Sun Corridor -- Phoenix Metro -- Mesa (Nightlife and entertainment districts)
Southwest -- Arizona Sun Corridor -- Phoenix Metro -- Glendale (Gila River Arena) 

Southwest -- Arizona Sun Corridor -- Tucson Metro -- Tucson (4th Avenue, Downtown)
Southwest -- Arizona Sun Corridor -- Tucson Metro -- Oro Valley (Upscale shopping and dining)

---------------------------------------------------------------

Southwest -- Flagstaff & Northern Arizona Mountains -- Flagstaff & Route 66
Southwest -- Flagstaff & Northern Arizona Mountains -- Sedona & Oak Creek Canyon

---------------------------------------------------------------

Southwest -- Albuquerque & Rio Grande Valley -- Albuquerque & Old Town
Southwest -- Albuquerque & Rio Grande Valley -- Rio Rancho

---------------------------------------------------------------

Southwest -- Santa Fe & Northern New Mexico -- Santa Fe & Plaza
Southwest -- Santa Fe & Northern New Mexico -- Los Alamos
Southwest -- Santa Fe & Northern New Mexico -- Taos (Taos Pueblo)

---------------------------------------------------------------

Southwest -- Nevada -- Las Vegas & Southern Nevada -- Las Vegas Strip & Downtown -- Las Vegas (Casinos, live shows, entertainment districts)
Southwest -- Nevada -- Las Vegas & Southern Nevada -- Las Vegas Strip & Downtown -- Paradise (Las Vegas Strip resorts) 
Southwest -- Nevada -- Las Vegas & Southern Nevada -- Henderson -- Henderson (Green Valley Ranch Resort)

---------------------------------------------------------------

Southwest -- Reno & Great Basin -- Reno Metro -- Reno (Downtown, Midtown District)
Southwest -- Reno & Great Basin -- Reno Metro -- Sparks (Nugget Casino Resort) 
Southwest -- Reno & Great Basin -- Reno Metro -- Lake Tahoe (Washoe County, Placer County, CA) -- Lake Tahoe (Washoe County, Placer County, CA) -- North Lake Tahoe (Incline Village, Crystal Bay)
Southwest -- Reno & Great Basin -- Reno Metro -- Lake Tahoe (Washoe County, Placer County, CA) -- Lake Tahoe (Washoe County, Placer County, CA) -- South Lake Tahoe (Stateline, Heavenly Mountain Resort)

---------------------------------------------------------------

Southwest -- Utah's Canyon Country & Arches -- Moab -- Arches National Park
Southwest -- Utah's Canyon Country & Arches -- Moab -- Canyonlands National Park

---------------------------------------------------------------

Southwest -- Southern Utah National Parks -- Springdale & Zion National Park
Southwest -- Southern Utah National Parks -- Kanab & Grand Canyon National Park (North Rim)

---------------------------------------------------------------

Southwest -- Utah -- Salt Lake City & Wasatch Range -- Salt Lake City Metro -- Salt Lake City (Downtown, Temple Square, Trolley Square)
Southwest -- Utah -- Salt Lake City & Wasatch Range -- Salt Lake City Metro -- Park City (Summit County)

---------------------------------------------------------------

Southwest -- West Texas -- El Paso & West Texas -- El Paso Metro -- El Paso (Downtown, El Paso Street)
Southwest -- West Texas -- El Paso & West Texas -- El Paso Metro -- Las Cruces (Doña Ana County, NM)

---------------------------------------------------------------
---------------------------------------------------------------
---------------------------------------------------------------
---------------------------------------------------------------
---------------------------------------------------------------
---------------------------------------------------------------

Great Plains -- Oklahoma City & Tulsa Metro -- Oklahoma City Metro -- Oklahoma City -- Downtown OKC & Bricktown Entertainment District (sports, entertainment, nightlife)
Great Plains -- Oklahoma City & Tulsa Metro -- Oklahoma City Metro -- Oklahoma City -- Paseo Arts District & Midtown (trendy neighborhoods, art galleries, music venues)
Great Plains -- Oklahoma City & Tulsa Metro -- Oklahoma City Metro -- Oklahoma City -- Norman & University of Oklahoma (college town, music scene)

Great Plains -- Oklahoma City & Tulsa Metro -- Tulsa Metro -- Tulsa -- Brady Arts District & Tulsa Performing Arts Center (museums, theaters, music)
Great Plains -- Oklahoma City & Tulsa Metro -- Tulsa Metro -- Tulsa -- Blue Dome District & Route 66 (historic district, entertainment)
Great Plains -- Oklahoma City & Tulsa Metro -- Tulsa Metro -- Tulsa -- Broken Arrow & Woodland Hills Mall (suburban area, event spaces)

---------------------------------------------------------------

Great Plains -- Kansas City & Flint Hills -- Kansas City & Power & Light Distric -- Downtown Kansas City & Power & Light District (entertainment complex, sports venues, nightlife)
Great Plains -- Kansas City & Flint Hills -- Kansas City & Power & Light Distric -- Crossroads Arts District & Westport (trendy neighborhoods, art galleries, music venues)
Great Plains -- Kansas City & Flint Hills -- Kansas City & Power & Light Distric -- Lawrence & University of Kansas (college town, music scene)
Great Plains -- Kansas City & Flint Hills -- Manhattan & Flint Hills -- Manhattan (Kansas State University)
Great Plains -- Kansas City & Flint Hills -- Manhattan & Flint Hills -- Junction City (Geary County) 

---------------------------------------------------------------

Great Plains -- Wichita & Central Plains -- Wichita Metro -- Wichita -- Downtown Wichita & Century II Performing Arts Center (performing arts, potential outdoor events)
Great Plains -- Wichita & Central Plains -- Wichita Metro -- Wichita -- Old Town & Delano District (historic district, trendy neighborhood, music venues)
Great Plains -- Wichita & Central Plains -- Wichita Metro -- Wichita -- Bradley Fair & Towne East (upscale shopping areas, event spaces)
Great Plains -- Wichita & Central Plains -- Wichita Metro -- Derby (Nightlife options)

---------------------------------------------------------------

Great Plains -- Nebraska Sandhills & Prairies -- Lincoln & Eastern Nebraska -- Lincoln -- Downtown Lincoln & Haymarket District (historic district, entertainment, music venues)
Great Plains -- Nebraska Sandhills & Prairies -- Lincoln & Eastern Nebraska -- Lincoln -- University of Nebraska-Lincoln (college town, potential events)
Great Plains -- Nebraska Sandhills & Prairies -- Lincoln & Eastern Nebraska -- Lincoln -- Papillion & La Vista (suburban areas, event spaces)

Great Plains -- Nebraska Sandhills & Prairies -- Omaha Metro -- Omaha -- Downtown Omaha & Old Market (historic district, music venues, nightlife)
Great Plains -- Nebraska Sandhills & Prairies -- Omaha Metro -- Omaha -- Midtown & Creighton University (college town, potential events)
Great Plains -- Nebraska Sandhills & Prairies -- Omaha Metro -- Omaha -- West Omaha & Aksarben Village (upscale shopping area, event spaces)

---------------------------------------------------------------

Great Plains -- Black Hills & Western South Dakota -- Rapid City Metro -- Main Street Square & Civic Center (performing arts center, potential outdoor events)
Great Plains -- Black Hills & Western South Dakota -- Rapid City Metro -- Art Alley & Dinosaur Park (art scene, historic attractions)
Great Plains -- Black Hills & Western South Dakota -- Rapid City Metro -- Rapid City (Art Alley, Main Street Square)
Great Plains -- Black Hills & Western South Dakota -- Rapid City Metro -- Spearfish (South Dakota School of Mines and Technology)

---------------------------------------------------------------

Great Plains -- Eastern South Dakota & North Dakota -- Sioux Falls & Southeast South Dakota -- Sioux Falls -- Falls Park & Washington Avenue (scenic park, historic district, music venues)
Great Plains -- Eastern South Dakota & North Dakota -- Sioux Falls & Southeast South Dakota -- Sioux Falls -- Sanford Pentagon & Sioux Falls Arena (sports & entertainment complex)
Great Plains -- Eastern South Dakota & North Dakota -- Sioux Falls & Southeast South Dakota -- Sioux Falls -- East Sioux Falls & Empire Mall (suburban area, event spaces)
Great Plains -- Eastern South Dakota & North Dakota -- Sioux Falls & Southeast South Dakota -- Brookings (South Dakota State University) 
Great Plains -- Eastern South Dakota & North Dakota -- Fargo & Red River Valley (ND, MN): Refer to Fargo & Red River Valley in Upper Midwest list (covers Fargo, ND)

---------------------------------------------------------------

Great Plains -- Texas Panhandle & High Plains -- Amarillo & Texas Panhandle -- Amarillo -- West Texas A&M University & Hodgetown (college town, historic district, events)
Great Plains -- Texas Panhandle & High Plains -- Amarillo & Texas Panhandle -- Amarillo -- Civic Center & Amarillo Symphony (performing arts venue, cultural events)
Great Plains -- Texas Panhandle & High Plains -- Amarillo & Texas Panhandle -- Amarillo -- Wolflin District & Westgate Mall (entertainment district, suburban area, event spaces)

Great Plains -- Texas Panhandle & High Plains -- Amarillo & Texas Panhandle -- Canyon (Randall County - West Texas A&M University) 

Great Plains -- Texas Panhandle & High Plains -- Lubbock & West Texas -- Lubbock (Texas Tech University)

---------------------------------------------------------------

Great Plains -- Eastern Montana & Prairies -- Billings & Southeast Montana -- Billings -- Downtown Billings & MetraPark (entertainment complex, fairgrounds, potential events)
Great Plains -- Eastern Montana & Prairies -- Billings & Southeast Montana -- Billings -- Rimrock & Montana State University Billings (college town, potential events)
Great Plains -- Eastern Montana & Prairies -- Billings & Southeast Montana -- Billings -- West End & Zoo Montana (suburban area, zoo with potential events)

---------------------------------------------------------------

Great Plains -- Wyoming Basins & High Plains -- Cheyenne & Southeast Wyoming -- Cheyenne -- State Capitol & Frontier Mall (historic landmarks, shopping area, event spaces)
Great Plains -- Wyoming Basins & High Plains -- Cheyenne & Southeast Wyoming -- Cheyenne -- Clay Center & Botanic Gardens (performing arts venue, botanical gardens)
Great Plains -- Wyoming Basins & High Plains -- Cheyenne & Southeast Wyoming -- Casper & Central Wyoming (Natrona County): Refer to Casper & Central Wyoming in the Rocky Mountains list (covers Casper)

---------------------------------------------------------------
---------------------------------------------------------------
---------------------------------------------------------------
---------------------------------------------------------------
---------------------------------------------------------------
---------------------------------------------------------------

Upper Midwest -- Twin Cities & Minnesota -- Northern Minnesota & Boundary Waters

Upper Midwest -- Twin Cities & Minnesota -- Minneapolis & St. Paul Metro -- St. Paul (Lowertown, Grand Avenue, Cathedral Hill)
Upper Midwest -- Twin Cities & Minnesota -- Minneapolis & St. Paul Metro -- Minneapolis (Downtown Minneapolis, Uptown, Nicollet Mall)
Upper Midwest -- Twin Cities & Minnesota -- Minneapolis & St. Paul Metro -- Bloomington (Mall of America, Mall of America events)

Upper Midwest -- Twin Cities & Minnesota -- Rochester & Southeast Minnesota -- Rochester (Mayo Clinic, Mayo Clinic events)
Upper Midwest -- Twin Cities & Minnesota -- Rochester & Southeast Minnesota -- Winona (Winona State University)

---------------------------------------------------------------

Upper Midwest -- Wisconsin & Great Lakes -- Milwaukee & Southern Wisconsin -- Milwaukee -- Downtown Milwaukee & Third Ward (historic district with restaurants & shops)
Upper Midwest -- Wisconsin & Great Lakes -- Milwaukee & Southern Wisconsin -- Milwaukee -- Milwaukee Riverwalk & Lakefront Brewery (scenic riverwalk & brewery tours)
Upper Midwest -- Wisconsin & Great Lakes -- Milwaukee & Southern Wisconsin -- Milwaukee -- Summerfest Grounds & Harley-Davidson Museum (festival grounds & motorcycle museum)
Upper Midwest -- Wisconsin & Great Lakes -- Milwaukee & Southern Wisconsin -- Waukesha (Carroll University)

Upper Midwest -- Wisconsin & Great Lakes -- Madison & Southwest Wisconsin -- Madison -- Downtown Madison & State Street (shopping & entertainment district)
Upper Midwest -- Wisconsin & Great Lakes -- Madison & Southwest Wisconsin -- Madison -- University of Wisconsin-Madison (campus & cultural events)
Upper Midwest -- Wisconsin & Great Lakes -- Madison & Southwest Wisconsin -- Madison -- Lake Mendota & Governor's Island (lake activities & historic site)
Upper Midwest -- Wisconsin & Great Lakes -- Madison & Southwest Wisconsin -- Fitchburg (Adjacent to Madison with additional venues)

Upper Midwest -- Wisconsin & Great Lakes -- Door County & Peninsula

Upper Midwest -- Wisconsin & Great Lakes -- Green Bay & Northeast Wisconsin -- Green Bay (Lambeau Field, Titletown District)
Upper Midwest -- Wisconsin & Great Lakes -- Green Bay & Northeast Wisconsin -- Appleton (Fox Cities performing arts scene)

---------------------------------------------------------------

Upper Midwest -- Des Moines & Iowa Farmland -- Amana Colonies & Historic Villages 
Upper Midwest -- Des Moines & Iowa Farmland -- Ames 
Upper Midwest -- Des Moines & Iowa Farmland -- Des Moines Metro -- Des Moines -- Pappajohn Sculpture Park & Civic Center (outdoor art & performing arts venue)
Upper Midwest -- Des Moines & Iowa Farmland -- Des Moines Metro -- Des Moines -- East Village & Des Moines Art Center (trendy neighborhood & art museum)
Upper Midwest -- Des Moines & Iowa Farmland -- Des Moines Metro -- Des Moines -- Valley West Des Moines & Jordan Creek Town Center (suburban area with shopping mall)
Upper Midwest -- Des Moines & Iowa Farmland -- Des Moines Metro -- West Des Moines (Valley Junction)

---------------------------------------------------------------

Upper Midwest -- Missouri & Kansas -- Kansas City & Western Missouri -- Kansas City Metro -- Kansas City (Power & Light District, Westport, Country Club Plaza)
Upper Midwest -- Missouri & Kansas -- Kansas City & Western Missouri -- Kansas City Metro -- Independence (Harry S. Truman Presidential Library and Museum)
Upper Midwest -- Missouri & Kansas -- Kansas City & Western Missouri -- Lawrence (Douglas County, KS) -- Lawrence (Massachusetts Street, KU events)

---------------------------------------------------------------

Upper Midwest -- Fargo & Red River Valley -- Grand Forks & University of North Dakota
Upper Midwest -- Fargo & Red River Valley -- Fargo-Moorhead Metro -- Fargo (NDSU campus events) -- Downtown Fargo & Broadway District (shopping & entertainment district)
Upper Midwest -- Fargo & Red River Valley -- Fargo-Moorhead Metro -- Fargo (NDSU campus events) -- Historic Fargo & Hjemkomst Center (historic district & Norwegian cultural center)
Upper Midwest -- Fargo & Red River Valley -- Fargo-Moorhead Metro -- Fargo (NDSU campus events) -- Red River Valley & Scheels Arena (event venue & outdoor recreation)
Upper Midwest -- Fargo & Red River Valley -- Fargo-Moorhead Metro -- Moorhead (Minnesota State University Moorhead)

---------------------------------------------------------------

Upper Midwest -- Northern Minnesota & Superior National Forest -- Duluth & Iron Range -- Duluth -- Canal Park & Lake Superior Maritime Museum (waterfront district & museum)
Upper Midwest -- Northern Minnesota & Superior National Forest -- Duluth & Iron Range -- Duluth -- Skyline Drive & Enger Tower (scenic overlooks)
Upper Midwest -- Northern Minnesota & Superior National Forest -- Duluth & Iron Range -- Hibbing (Iron Range music scene)
Upper Midwest -- Northern Minnesota & Superior National Forest -- Boundary Waters Canoe Area Wilderness 
Upper Midwest -- Northern Minnesota & Superior National Forest -- Grand Marais & North Shore 
Upper Midwest -- Northern Minnesota & Superior National Forest -- Grand Rapids & Itasca County -- Grand Rapids (Itasca State Park)
Upper Midwest -- Northern Minnesota & Superior National Forest -- Grand Rapids & Itasca County -- Bemidji (Lake Bemidji, Bemidji Summer Music Festival)

---------------------------------------------------------------

Upper Midwest -- Upper Peninsula & Northern Michigan -- Mackinac Island & Straits of Mackinac
Upper Midwest -- Upper Peninsula & Northern Michigan -- Pictured Rocks National Lakeshore

---------------------------------------------------------------

Upper Midwest -- Upper Peninsula & Northern Michigan -- Marquette & Upper Peninsula -- Marquette -- Downtown Marquette & Marquette Harbor (waterfront district & festivals)
Upper Midwest -- Upper Peninsula & Northern Michigan -- Marquette & Upper Peninsula -- Marquette -- Presque Isle Park & Marquette Mountain (hiking, biking & skiing)
Upper Midwest -- Upper Peninsula & Northern Michigan -- Marquette & Upper Peninsula -- Marquette -- NMU Peterson Auditorium & Ojibwe Cultural Museum (performing arts & cultural attractions)
Upper Midwest -- Upper Peninsula & Northern Michigan -- Marquette & Upper Peninsula -- Houghton (Michigan Technological University)

---------------------------------------------------------------

Upper Midwest -- Upper Peninsula & Northern Michigan -- Traverse City & Northwestern Lower Michigan -- Traverse City (Cherry Capital of the World, National Cherry Festival)
Upper Midwest -- Upper Peninsula & Northern Michigan -- Traverse City & Northwestern Lower Michigan -- Interlochen (Interlochen Center for the Arts)
Upper Midwest -- Upper Peninsula & Northern Michigan -- Traverse City & Northwestern Lower Michigan -- Sleeping Bear Dunes National Lakeshore

---------------------------------------------------------------
---------------------------------------------------------------
---------------------------------------------------------------
---------------------------------------------------------------
---------------------------------------------------------------
---------------------------------------------------------------

Midwest -- Chicago & Great Lakes -- Chicago & Downtown -- Loop & Millennium Park (business district, iconic park with art features)
Midwest -- Chicago & Great Lakes -- Chicago & Downtown -- Wicker Park & Bucktown (trendy neighborhoods with bars & restaurants)
Midwest -- Chicago & Great Lakes -- Chicago & Downtown -- Lincoln Park & Lakefront (cultural attractions, zoo, & lakefront activities)
Midwest -- Chicago & Great Lakes -- Evanston & Northwestern University -- Downtown Evanston & Main Street (shopping & entertainment district)
Midwest -- Chicago & Great Lakes -- Evanston & Northwestern University -- Northwestern University & Norris Center (campus & performing arts venue)
Midwest -- Chicago & Great Lakes -- Schaumburg & Woodfield Mall (suburban area with event spaces )
Midwest -- Chicago & Great Lakes -- Chicagoland (Cook, DuPage, Will, Lake Counties, IL) -- Chicago (Loop, Wicker Park, Lincoln Park, Navy Pier) 
Midwest -- Chicago & Great Lakes -- Chicagoland (Cook, DuPage, Will, Lake Counties, IL) -- Evanston (Northwestern University) 
Midwest -- Chicago & Great Lakes -- Chicagoland (Cook, DuPage, Will, Lake Counties, IL) -- Oak Park (Frank Lloyd Wright Historic District) 
Midwest -- Chicago & Great Lakes -- Chicagoland (Cook, DuPage, Will, Lake Counties, IL) -- Naperville (Riviere Valley Festival) 
Midwest -- Chicago & Great Lakes -- Chicagoland (Cook, DuPage, Will, Lake Counties, IL) -- Schaumburg (Woodfield Mall)
Midwest -- Chicago & Great Lakes -- Milwaukee & Southern Wisconsin (Milwaukee County, WI) [ Refer to Milwaukee & Southern Wisconsin in Upper Midwest list (covers Milwaukee, Madison) ]
Midwest -- Chicago & Great Lakes -- South Bend & Fort Wayne (St. Joseph & Allen Counties, IN) -- South Bend (University of Notre Dame) 
Midwest -- Chicago & Great Lakes -- South Bend & Fort Wayne (St. Joseph & Allen Counties, IN) -- Fort Wayne (Arts & Culture)
Midwest -- Chicago & Great Lakes -- Grand Rapids & West Michigan (Kent County, MI) -- Grand Rapids (Beer City) 
Midwest -- Chicago & Great Lakes -- Grand Rapids & West Michigan (Kent County, MI) -- Kalamazoo (Western Michigan University)

---------------------------------------------------------------

Midwest -- Southeast Michigan -- Detroit Metro -- Detroit Riverfront & Campus Martius Park (waterfront district & public square)
Midwest -- Southeast Michigan -- Detroit Metro -- Eastern Market & Historic Bricktown (food market & historic district)
Midwest -- Southeast Michigan -- Detroit Metro -- Fox Theatre & The Fillmore Detroit (performance venues with concerts)
Midwest -- Southeast Michigan -- Ann Arbor & University of Michigan -- Main Street & Kerrytown (shopping & dining district with farmers market)
Midwest -- Southeast Michigan -- Ann Arbor & University of Michigan -- University of Michigan & Hill Auditorium (campus & performing arts venue)
Midwest -- Southeast Michigan -- Ann Arbor & University of Michigan -- State Street & The Blind Pig (entertainment district with historic music venue)
Midwest -- Southeast Michigan -- Royal Oak & Ferndale -- Royal Oak & Downtown (shops, restaurants & nightlife)
Midwest -- Southeast Michigan -- Royal Oak & Ferndale -- Ferndale & Woodward Avenue (restaurants, bars & live music scene)
Midwest -- Southeast Michigan -- Metro Detroit (Wayne, Oakland, Macomb Counties, MI) -- Detroit (Downtown, Midtown, Eastern Market) 
Midwest -- Southeast Michigan -- Metro Detroit (Wayne, Oakland, Macomb Counties, MI) -- Ann Arbor (University of Michigan) 
Midwest -- Southeast Michigan -- Metro Detroit (Wayne, Oakland, Macomb Counties, MI) -- Royal Oak (Downtown nightlife)
Midwest -- Southeast Michigan -- Lansing & Mid-Michigan (Ingham County, MI) -- Lansing (State Capitol) 
Midwest -- Southeast Michigan -- Lansing & Mid-Michigan (Ingham County, MI) -- East Lansing (Michigan State University)

---------------------------------------------------------------

Midwest -- Central Indiana -- Indianapolis & Downtown -- Circle Centre Mall & Monument Circle (shopping mall & historic plaza)
Midwest -- Central Indiana -- Indianapolis & Downtown -- Bankers Life Fieldhouse & Indiana Convention Center (sports venue & convention center)
Midwest -- Central Indiana -- Indianapolis & Downtown -- Mass Ave & Old National Centre (cultural district with music venues)
Midwest -- Central Indiana -- Carmel & Arts District -- Carmel Arts & Design District (galleries, boutiques & restaurants)
Midwest -- Central Indiana -- Carmel & Arts District -- The Palladium at Carmel (performing arts center)
Midwest -- Central Indiana -- Broad Ripple & Butler University -- Broad Ripple Avenue (bars, restaurants & live music venues)
Midwest -- Central Indiana -- Broad Ripple & Butler University -- Butler University & Clowes Memorial Hall (campus & performing arts venue)
Midwest -- Central Indiana -- Indianapolis Metro (Marion County, IN) -- Indianapolis (Circle Centre, Mass Ave, Fountain Square) 
Midwest -- Central Indiana -- Indianapolis Metro (Marion County, IN) -- Carmel (Arts & Design District)
Midwest -- Central Indiana -- Fort Wayne (Allen County, IN) [ Referenced in both Chicago & Great Lakes and Indianapolis & Central Indiana (consider data weight for subregion placement) ]
Midwest -- Central Indiana -- Lafayette & West Lafayette (Tippecanoe County, IN) -- Purdue University (College town atmosphere)

---------------------------------------------------------------

Midwest -- Ohio River Valley -- Cincinnati & Downtown -- Riverfront & Smale Riverfront Park (waterfront district with public spaces)
Midwest -- Ohio River Valley -- Cincinnati & Downtown -- The Banks & National Underground Railroad Freedom Center (entertainment district & museum)
Midwest -- Ohio River Valley -- Cincinnati & Downtown -- Findlay Market & Over-the-Rhine (historic market & entertainment district)
Midwest -- Ohio River Valley -- Covington & Northern Kentucky -- Mainstrasse Village & Covington (restaurants, bars & live music scene)
Midwest -- Ohio River Valley -- Covington & Northern Kentucky -- Northern Kentucky University (college town with potential events)
Midwest -- Ohio River Valley -- Fairfield & Kings Island amusement park
Midwest -- Ohio River Valley -- Greater Cincinnati (Hamilton County, OH; Kenton & Boone Counties, KY) -- Cincinnati (Over-the-Rhine, Findlay Market, Banks) 
Midwest -- Ohio River Valley -- Greater Cincinnati (Hamilton County, OH; Kenton & Boone Counties, KY) -- Newport (KY) (Levee entertainment district)
Midwest -- Ohio River Valley -- Dayton & Southwestern Ohio (Montgomery County, OH) -- Dayton (Oregon District)
Midwest -- Ohio River Valley -- Lexington & Bluegrass (Fayette County, KY) -- Lexington (University of Kentucky, Rupp Arena) 
Midwest -- Ohio River Valley -- Lexington & Bluegrass (Fayette County, KY) -- Louisville (Shared with Louisville & Southern Indiana)

---------------------------------------------------------------

Midwest -- Northeast Ohio -- Cleveland Metro -- Playhouse Square & Theatre District
Midwest -- Northeast Ohio -- Cleveland Metro -- East Bank of the Flats & Progressive Field
Midwest -- Northeast Ohio -- Cleveland Metro -- Rock & Roll Hall of Fame & Warehouse District
Midwest -- Northeast Ohio -- University Heights & John Carroll University -- John Carroll University & Dolan Performance Hall
Midwest -- Northeast Ohio -- University Heights & John Carroll University -- Cedar Fairmount & Coventry Village
Midwest -- Northeast Ohio -- Westlake & Crocker Park
Midwest -- Northeast Ohio -- Cuyahoga Valley -- Cleveland -- Downtown, Playhouse Square, East Bank
Midwest -- Northeast Ohio -- Cuyahoga Valley -- Akron

---------------------------------------------------------------

Midwest -- Central Ohio -- Columbus Metro Area -- Short North Arts District
Midwest -- Central Ohio -- Columbus Metro Area -- Nationwide Arena & Huntington Center
Midwest -- Central Ohio -- Columbus Metro Area -- The Ohio State University
Midwest -- Central Ohio -- Columbus Metro Area -- Easton Town Center

---------------------------------------------------------------

Midwest -- Northwest Ohio -- Toledo Metro -- Toledo Museum of Art & Historic Warehouse District
Midwest -- Northwest Ohio -- Toledo Metro -- Fifth Third Field & Huntington Center
Midwest -- Northwest Ohio -- Toledo Metro -- Uptowne & Ottawa Park
Midwest -- Northwest Ohio -- Bowling Green -- Bowling Green State University & Stroh Center for the Performing Arts
Midwest -- Northwest Ohio -- Bowling Green -- Downtown Bowling Green & The Black Swamp Arts Festival
Midwest -- Northwest Ohio -- Sylvania & Tam O'Shanter -- Tam O'Shanter Center

---------------------------------------------------------------

Midwest -- St. Louis & Metro East -- St. Louis Metro -- St. Louis -- Gateway Arch & Laclede's Landing
Midwest -- St. Louis & Metro East -- St. Louis Metro -- St. Louis -- Busch Stadium & St. Louis Blues
Midwest -- St. Louis & Metro East -- St. Louis Metro -- St. Louis -- Delmar Loop & The Pageant
Midwest -- St. Louis & Metro East -- St. Louis Metro -- Alton, IL

Midwest -- St. Louis & Metro East -- Belleville & St. Clair County -- Belleville & The National Shrine of Our Lady of the Snows
Midwest -- St. Louis & Metro East -- Belleville & St. Clair County -- Sauget & Hollywood Casino St. Louis

Midwest -- St. Louis & Metro East -- Clayton & Washington University -- Washington University & Edison Theatre
Midwest -- St. Louis & Metro East -- Clayton & Washington University -- The Saint Louis Galleria & Demun Avenue

---------------------------------------------------------------
---------------------------------------------------------------
---------------------------------------------------------------
---------------------------------------------------------------
---------------------------------------------------------------
---------------------------------------------------------------

Appalachia -- Northern Appalachia -- Southwestern Pennsylvania -- Pittsburgh (Strip District, Cultural District, South Side) 
Appalachia -- Northern Appalachia -- Southwestern Pennsylvania -- Erie (Presque Isle State Park)
Appalachia -- Northern Appalachia -- Upstate New York -- Rochester (East Ave Entertainment District) 
Appalachia -- Northern Appalachia -- Upstate New York -- Syracuse (Collegetown)

---------------------------------------------------------------

Appalachia -- Central Appalachia -- Appalachian Ohio -- Columbus
Appalachia -- Central Appalachia -- Appalachian Ohio -- Lancaster
Appalachia -- Central Appalachia -- West Virginia -- Charleston (Capitol Complex, Cultural Center) 
Appalachia -- Central Appalachia -- West Virginia -- Huntington & Tri-State Area (Cabell County, WV; Lawrence County, OH; Boyd County, KY): Refer to Huntington & Tri-State Area description below (avoids duplication).
Appalachia -- Central Appalachia -- Appalachian Kentucky -- Lexington (University of Kentucky area, Rupp Arena) 
Appalachia -- Central Appalachia -- Appalachian Kentucky -- Paintsville (Johnson County - Country Music Highway 11)
Appalachia -- Central Appalachia -- East Tennessee -- Knoxville (University of Tennessee, Downtown Knoxville) 
Appalachia -- Central Appalachia -- East Tennessee -- Gatlinburg & The Great Smoky Mountains (Sevierville, Pigeon Forge)
Appalachia -- Central Appalachia -- Southeast Tennessee -- Chattanooga (Chattanooga Choo Choo, Walnut Street Bridge)

---------------------------------------------------------------

Appalachia -- Southern Appalachia -- Western North Carolina -- Asheville (Biltmore Estate, Downtown Asheville) 
Appalachia -- Southern Appalachia -- Western North Carolina -- Boone (Watauga County - Appalachian State University)
Appalachia -- Southern Appalachia -- Piedmont North Carolina -- Charlotte (Uptown Charlotte, Spectrum Center) 
Appalachia -- Southern Appalachia -- Piedmont North Carolina -- Greensboro (Triad metropolitan area with multiple venues including High Point & Winston-Salem)
Appalachia -- Southern Appalachia -- North Georgia -- Atlanta (Buckhead, Midtown, Downtown) 
Appalachia -- Southern Appalachia -- North Georgia -- Athens (Clarke County - University of Georgia)
Appalachia -- Southern Appalachia -- Upstate South Carolina -- Greenville (Falls Park on the Reedy, Bon Secours Wellness Arena)
Appalachia -- Southern Appalachia -- North Alabama -- Birmingham (Birmingham Civil Rights District, Railroad Park)
Appalachia -- Southern Appalachia -- North Alabama -- Huntsville (Space Center, Von Braun Center)

---------------------------------------------------------------

Appalachia -- Eastern Kentucky & Appalachian Mountains -- Eastern Kentucky Coalfields
Appalachia -- Eastern Kentucky & Appalachian Mountains -- Lexington & Appalachian Kentucky

---------------------------------------------------------------

Appalachia -- West Virginia (WV) -- Charleston & West Virginia
Appalachia -- West Virginia (WV) -- Morgantown & Monongalia County -- Morgantown (High Street entertainment district)
Appalachia -- West Virginia (WV) -- Huntington & Tri-State Area (Cabell County, WV; Lawrence County, OH; Boyd County, KY) -- Huntington
Appalachia -- West Virginia (WV) -- Eastern Panhandle -- Martinsburg
Appalachia -- West Virginia (WV) -- Eastern Panhandle -- Shepherdstown

---------------------------------------------------------------
---------------------------------------------------------------
---------------------------------------------------------------
---------------------------------------------------------------
---------------------------------------------------------------
---------------------------------------------------------------

Northeast -- Central & Western Massachusetts -- Worcester & Springfield
Northeast -- Central & Western Massachusetts -- Pioneer Valley
Northeast -- Central & Western Massachusetts -- Berkshires

---------------------------------------------------------------

Northeast -- Southern Maine -- Portland
Northeast -- Southern Maine -- Coast of Maine
Northeast -- Southern Maine -- Lakes Region

---------------------------------------------------------------

Northeast -- Northern New England -- Manchester & Nashua
Northeast -- Northern New England -- Vermont
Northeast -- Northern New England -- New Hampshire -- The White Mountains, Lake Winnipesaukee, & historic towns 
Northeast -- Northern New England -- Southern Maine (Cumberland County) -- Greater Portland Area (Portland, South Portland, Westbrook)
Northeast -- Northern New England -- Southern New Hampshire -- Greater Manchester -- (Manchester, Nashua) 
Northeast -- Northern New England -- Southern New Hampshire -- Seacoast -- (Portsmouth, Dover, Hampton)
Northeast -- Northern New England -- Central Vermont -- Burlington -- (Church Street Marketplace, University of Vermont)
Northeast -- Northern New England -- Western Maine & New Hampshire Lakes Region -- Lakes Region -- (Laconia, NH; Conway, NH; North Conway, NH; Fryeburg, ME) 
Northeast -- Northern New England -- Western Maine & New Hampshire Lakes Region -- White Mountains -- (Loon Mountain, Waterville Valley)

---------------------------------------------------------------

Northeast -- Eastern Massachusetts -- Metro Boston -- Boston -- (Downtown, Back Bay, Fenway Park, Seaport) 
Northeast -- Eastern Massachusetts -- Metro Boston -- Cambridge -- (Harvard Square, Central Square, Kendall Square) 
Northeast -- Eastern Massachusetts -- Metro Boston -- Somerville -- (Davis Square) 
Northeast -- Eastern Massachusetts -- Metro Boston -- Brookline -- (Longwood Medical Area, Coolidge Corner) 
Northeast -- Eastern Massachusetts -- Metro Boston -- Quincy -- (Adams Quincy Market) 
Northeast -- Eastern Massachusetts -- Metro Boston -- Waltham -- (Brandeis University) 
Northeast -- Eastern Massachusetts -- Metro Boston -- Newton -- (College of the Holy Cross)

Northeast -- Eastern Massachusetts -- North Shore -- Salem (Witch City) 
Northeast -- Eastern Massachusetts -- North Shore -- Newburyport (Waterfront) 
Northeast -- Eastern Massachusetts -- North Shore -- Gloucester (Working Harbor) 
Northeast -- Eastern Massachusetts -- North Shore -- Beverly (Montserrat)

Northeast -- Eastern Massachusetts -- South Shore -- Plymouth (Historic Waterfront) 
Northeast -- Eastern Massachusetts -- South Shore -- Hingham (Shipyards) 
Northeast -- Eastern Massachusetts -- South Shore -- Duxbury (Beaches) 
Northeast -- Eastern Massachusetts -- South Shore -- Marshfield (South Shore Music Scene)

---------------------------------------------------------------

Northeast -- Cape Cod & Islands -- Cape Cod -- Outer Cape -- (Provincetown, Wellfleet, Orleans) 
Northeast -- Cape Cod & Islands -- Cape Cod -- Mid-Cape -- (Yarmouth, Dennis, Brewster) 
Northeast -- Cape Cod & Islands -- Cape Cod -- Lower Cape -- (Hyannis, Falmouth, Mashpee)
Northeast -- Cape Cod & Islands -- Nantucket & Martha's Vineyard -- Nantucket -- (Town & Whaling History) 
Northeast -- Cape Cod & Islands -- Nantucket & Martha's Vineyard -- Martha's Vineyard -- (Vineyard Haven, Oak Bluffs, Edgartown)

---------------------------------------------------------------

Northeast -- Connecticut Coast & Long Island Sound -- Fairfield County -- Stamford -- (Downtown) 
Northeast -- Connecticut Coast & Long Island Sound -- Fairfield County -- Greenwich -- (Upscale Shopping) 
Northeast -- Connecticut Coast & Long Island Sound -- Fairfield County -- Bridgeport -- (Nightlife) 
Northeast -- Connecticut Coast & Long Island Sound -- Fairfield County -- Norwalk -- (Oyster Festival)
Northeast -- Connecticut Coast & Long Island Sound -- New Haven County -- New Haven -- (Yale University, Arts Scene) 
Northeast -- Connecticut Coast & Long Island Sound -- New Haven County -- Milford -- (Lisbon Landing) 
Northeast -- Connecticut Coast & Long Island Sound -- New Haven County -- Guilford -- (Green)

---------------------------------------------------------------

Northeast -- Southern Connecticut -- Hartford & New Haven
Northeast -- Southern Connecticut -- Fairfield County
Northeast -- Southern Connecticut -- Litchfield County

---------------------------------------------------------------

Northeast -- New York City & Lower Hudson Valley -- New York City -- (Manhattan, Brooklyn, Queens, etc.)
Northeast -- New York City & Lower Hudson Valley -- Westchester County -- (White Plains, Yonkers)
Northeast -- New York City & Lower Hudson Valley -- Long Island -- (Nassau & Suffolk Counties)

---------------------------------------------------------------
---------------------------------------------------------------
---------------------------------------------------------------
---------------------------------------------------------------
---------------------------------------------------------------
---------------------------------------------------------------

Atlantic Coast -- Greater New York City Metro -- New York City & Long Island -- New York City (Manhattan, Brooklyn, Queens, Bronx, Staten Island) 
Atlantic Coast -- Greater New York City Metro -- New York City & Long Island -- Long Island (Nassau & Suffolk Counties): Refer to Long Island details in Atlantic Coast Subregions document (avoids duplication)
Atlantic Coast -- Greater New York City Metro -- Lower Hudson Valley & Northern New Jersey -- Lower Hudson Valley (Westchester, Rockland, Putnam Counties, NY): Refer to Lower Hudson Valley details in Atlantic Coast Subregions document (avoids duplication) 
Atlantic Coast -- Greater New York City Metro -- Lower Hudson Valley & Northern New Jersey -- Northern New Jersey (Bergen, Essex, Passaic Counties, NJ): Refer to Northern New Jersey details in Atlantic Coast Subregions document (avoids duplication)

---------------------------------------------------------------

Atlantic Coast -- Philadelphia & Jersey Shore
Atlantic Coast -- Philadelphia & Delaware Valley -- Philadelphia & Inner Suburbs -- Philadelphia (refer to details in Atlantic Coast Subregions document) 
Atlantic Coast -- Philadelphia & Delaware Valley -- Philadelphia & Inner Suburbs -- Montgomery County (King of Prussia, Norristown, Conshohocken) 
Atlantic Coast -- Philadelphia & Delaware Valley -- Philadelphia & Inner Suburbs -- Delaware County (Media, Upper Darby, Springfield)
Atlantic Coast -- Philadelphia & Delaware Valley -- South Jersey (NJ) -- Refer to South Jersey details in Atlantic Coast Subregions document (avoids duplication)

---------------------------------------------------------------

Northeast -- Northern New Jersey & Hudson Valley -- Newark & Jersey City (NJ) - Urban centers with growing arts scenes & close proximity to NYC 
Northeast -- Northern New Jersey & Hudson Valley -- Bergen County (NJ) - Affluent suburbs with shopping & restaurants near NYC 
Northeast -- Northern New Jersey & Hudson Valley -- Orange County (NY) - Scenic Hudson Valley with historic sites & outdoor activities 

---------------------------------------------------------------

Northeast -- Philadelphia & Southeastern Pennsylvania -- Philadelphia - Historic city with museums, sports teams, & cultural attractions 
Northeast -- Philadelphia & Southeastern Pennsylvania -- Montgomery & Delaware Counties - Suburban areas with family-friendly activities & access to Philly 
Northeast -- Philadelphia & Southeastern Pennsylvania -- Chester County - Brandywine Valley with gardens, museums, & historical charm 

---------------------------------------------------------------

Atlantic Coast -- Virginia Beach & Chesapeake Bay
Atlantic Coast -- Virginia Beach & Hampton Roads -- Virginia Beach & Virginia Beach Oceanfront -- Refer to Virginia Beach & Virginia Beach Oceanfront details in Atlantic Coast Subregions document (avoids duplication)
Atlantic Coast -- Virginia Beach & Hampton Roads -- Norfolk & Portsmouth -- Refer to Norfolk & Portsmouth details in Atlantic Coast Subregions document (avoids duplication)
Atlantic Coast -- Virginia Beach & Hampton Roads -- Newport News & Hampton -- Refer to Newport News & Hampton details in Atlantic Coast Subregions document (avoids duplication)

---------------------------------------------------------------

Atlantic Coast -- Outer Banks & Crystal Coast
Atlantic Coast -- Outer Banks & Coastal North Carolina -- Outer Banks -- Refer to Outer Banks details in Atlantic Coast Subregions document (avoids duplication)
Atlantic Coast -- Outer Banks & Coastal North Carolina -- Wilmington & Cape Fear Coast -- Refer to Wilmington & Cape Fear Coast details in Atlantic Coast Subregions document (avoids duplication)

---------------------------------------------------------------

Atlantic Coast -- Ocean City & Maryland Beaches
Atlantic Coast -- Ocean City & Delmarva -- Ocean City & Maryland Beaches -- Refer to Ocean City & Maryland Beaches details in Atlantic Coast Subregions document (avoids duplication)
Atlantic Coast -- Ocean City & Delmarva -- Delaware Beaches -- Refer to Delaware Beaches details in Atlantic Coast Subregions document (avoids duplication)
Atlantic Coast -- Ocean City & Delmarva -- Eastern Shore [ Refer to Virginia's Eastern Shore details in Atlantic Coast Subregions document (avoids duplication) ]

---------------------------------------------------------------

Atlantic Coast -- Washington D.C. & Chesapeake Bay -- Washington D.C. & Northern Virginia (DC, VA) -- Washington D.C. & Arlington, Alexandria
Atlantic Coast -- Washington D.C. & Chesapeake Bay -- Baltimore & Annapolis -- Baltimore City (Inner Harbor, Fells Point) 
Atlantic Coast -- Washington D.C. & Chesapeake Bay -- Baltimore & Annapolis -- Anne Arundel County (Annapolis, Navy Yard, Maryland State House)
Atlantic Coast -- Washington D.C. & Chesapeake Bay -- Virginia's Eastern Shore [ Refer to Virginia's Eastern Shore details in Atlantic Coast Subregions document (avoids duplication) ]

---------------------------------------------------------------

Atlantic Coast -- Delaware Beaches & Atlantic City (DE, NJ)

---------------------------------------------------------------
---------------------------------------------------------------
---------------------------------------------------------------
---------------------------------------------------------------
---------------------------------------------------------------
---------------------------------------------------------------

South Central -- Central Texas Hill Country -- Fredericksburg & Gillespie County (Fredericksburg, Fredericksburg wineries) 
South Central -- Central Texas Hill Country -- Kerrville & Kerrville Folk Festival (Kerrville, Kerrville wineries) 
South Central -- Central Texas Hill Country -- Wimberley & Hays County (Wimberley, Dripping Springs) 
South Central -- Central Texas Hill Country -- Boerne & Kendall County (Boerne, Cibolo)

---------------------------------------------------------------

South Central -- Central Texas Blackland Prairie -- Waco & McLennan County (Waco, Magnolia Market, Baylor University) 
South Central -- Central Texas Blackland Prairie -- Temple & Bell County (Temple, Bell County Expo Center) 
South Central -- Central Texas Blackland Prairie -- Killeen & Fort Hood (Killeen, Fort Hood)(Bell County)

---------------------------------------------------------------

South Central -- Dallas-Fort Worth Metroplex -- Dallas & Inner Suburbs (Dallas, Richardson, Plano, Frisco, McKinney)(Dallas & Collin Counties) 
South Central -- Dallas-Fort Worth Metroplex -- Fort Worth & Tarrant County (Fort Worth, Arlington, Grapevine) 
South Central -- Dallas-Fort Worth Metroplex -- Arlington & Entertainment District (Arlington, Entertainment District with Six Flags, Globe Life Field, Hurricane Harbor)(Tarrant County)

---------------------------------------------------------------

South Central -- Central Texas -- Austin & Travis County (Austin, South Congress, Zilker Park) 
South Central -- Central Texas -- San Marcos & Hays County (San Marcos, outlet shopping)(Shared with Hill Country) 
South Central -- Central Texas -- New Braunfels & Comal County (New Braunfels, Gruene Historic District)(Shared with San Antonio area) 
South Central -- Central Texas -- Round Rock & Williamson County (Round Rock, Dell Diamond)

---------------------------------------------------------------

South Central -- South Texas -- San Antonio & Bexar County (San Antonio, Riverwalk, Fiesta Texas) 
South Central -- South Texas -- New Braunfels & Comal County (New Braunfels, Gruene Historic District)(Shared with Austin area) 
South Central -- South Texas -- Laredo & Webb County (Laredo, World Heritage Sites)

---------------------------------------------------------------

South Central -- Shenandoah Valley -- Staunton & Waynesboro (Staunton, Frontier Culture Museum; Waynesboro, Shenandoah National Park access point)(Augusta County) 
South Central -- Shenandoah Valley -- Harrisonburg & Rockingham County (Harrisonburg, James Madison University) 
South Central -- Shenandoah Valley -- Winchester City (Winchester, Shenandoah Valley Discovery Center)(Independent City)

---------------------------------------------------------------

South Central -- Virginia Blue Ridge -- Charlottesville & Albemarle County (Charlottesville, Downtown Mall, University of Virginia) 
South Central -- Virginia Blue Ridge -- Lynchburg (Lynchburg, Liberty Mountain)(Independent City)

---------------------------------------------------------------

South Central -- Central Virginia -- Richmond (Richmond, Carytown, Virginia State Capitol)(Independent City)
South Central -- Central Virginia -- Henrico County (Short Pump Town Center)
South Central -- Central Virginia -- Chesterfield County (Richmond International Raceway)

---------------------------------------------------------------
---------------------------------------------------------------
---------------------------------------------------------------
---------------------------------------------------------------
---------------------------------------------------------------
---------------------------------------------------------------

Southeast -- South Florida -- Greater Miami Metro Area -- Miami
Southeast -- South Florida -- Greater Miami Metro Area -- Fort Lauderdale
Southeast -- South Florida -- Greater Miami Metro Area -- Hollywood
Southeast -- South Florida -- Greater Miami Metro Area -- Hialeah
Southeast -- South Florida -- Greater Miami Metro Area -- Coral Gables
Southeast -- South Florida -- Greater Miami Metro Area -- Doral
Southeast -- South Florida -- Greater Miami Metro Area -- West Palm Beach
Southeast -- South Florida -- Greater Miami Metro Area -- Boca Raton
Southeast -- South Florida -- Greater Miami Metro Area -- Boynton Beach
Southeast -- South Florida -- Greater Miami Metro Area -- Delray Beach
Southeast -- South Florida -- Florida Keys

---------------------------------------------------------------

Southeast -- Central Florida -- Orlando Metro Area (Orange, Osceola, Seminole) -- Orlando, Kissimmee, Sanford, Winter Park, Maitland, Oviedo, Lake Mary
Southeast -- Central Florida -- Orlando Metro Area -- Orlando
Southeast -- Central Florida -- Lakeland -- Lakeland, Winter Haven, Auburndale
Southeast -- Central Florida -- Gainesville -- Gainesville, Alachua (Consider including in either Central or North Florida based on local preference)

---------------------------------------------------------------

Southeast -- Southwest Florida -- Tampa Bay Metro Area (Hillsborough, Pinellas) -- Tampa, St. Petersburg, Clearwater, Sarasota, Bradenton
Southeast -- Southwest Florida -- Sarasota-Bradenton Metro Area -- Sarasota, Bradenton, Lakewood Ranch, Venice, North Port
Southeast -- Southwest Florida -- Fort Myers-Naples -- Fort Myers, Naples, Cape Coral, Lehigh Acres, Estero

---------------------------------------------------------------

Southeast -- Northeast Florida -- Jacksonville Metro Area (Duval, Nassau, St. Johns) -- Jacksonville, Ponte Vedra Beach, Atlantic Beach, Neptune Beach, Fernandina Beach
Southeast -- Northeast Florida -- Gainesville -- Gainesville, Alachua (Consider including in either Central or North Florida based on local preference)

---------------------------------------------------------------

Southeast -- North Georgia -- Atlanta Metro Area (Atlanta, Sandy Springs, Decatur, etc.)
Southeast -- Georgia Piedmont -- Atlanta Metro Area (Fulton, DeKalb, Cobb) -- Atlanta, Sandy Springs, Roswell, Marietta, Smyrna, Alpharetta
Southeast -- North Georgia -- Athens & Classic City (Athens, University of Georgia)
Southeast -- Georgia Piedmont -- Athens-Clarke County -- Athens
Southeast -- Georgia Piedmont -- Macon (Bibb) -- Macon, Warner Robins
Southeast -- Coastal Georgia-- Savannah & Historic District (Savannah)
Southeast -- Coastal Georgia-- Hilton Head & Coastal Islands (Hilton Head Island)

---------------------------------------------------------------

Southeast -- Central Alabama -- Birmingham Metro Area (Jefferson, Shelby) -- Birmingham, Hoover, Vestavia Hills, Bessemer, Pelham
Southeast -- Central Alabama -- Montgomery & State Capital (Montgomery)
Southeast -- Central Alabama -- Huntsville (Madison) -- Huntsville, Madison, Decatur

---------------------------------------------------------------

Southeast -- Southeast Louisiana -- New Orleans Metro Area  -- New Orleans, Metairie, Kenner, Gretna, Harvey
Southeast -- Southeast Louisiana -- Baton Rouge Metro Area (East Baton Rouge) -- Baton Rouge, Zachary, Central
Southeast -- Southern Louisiana -- Lafayette (Lafayette) -- Lafayette, Broussard, Carencro

---------------------------------------------------------------

Southeast -- Mississippi Delta -- Jackson Metro Area (Hinds, Rankin) -- Jackson, Clinton, Pearl
Southeast -- Mississippi Delta -- Mississippi Delta (Leflore, Washington, Humphreys) -- Greenville, Greenwood, Clarksdale
Southeast -- Mississippi Gulf Coast (Biloxi, Gulfport)

---------------------------------------------------------------

Southeast -- Charlotte & Carolinas -- Charlotte Metro Area (Charlotte, Concord, Gastonia, NC)
Southeast -- Charlotte & Carolinas -- Columbia & Central South Carolina (Columbia, SC)
Southeast -- Charlotte & Carolinas -- Asheville & Blue Ridge Mountains (Asheville, NC)

---------------------------------------------------------------
