Pacific Northwest -- Coastal Washington -- Seattle & Puget Sound (King County) -- Seattle (Downtown Seattle, Capitol Hill, Pike Place Market) 
Pacific Northwest -- Coastal Washington -- Seattle & Puget Sound (King County) -- Tacoma (Pierce County) 
Pacific Northwest -- Coastal Washington -- Seattle & Puget Sound (King County) -- Everett (Snohomish County)
Pacific Northwest -- Coastal Washington -- Olympia & Southwest Washington (Thurston County) -- Olympia (State capitol with events)
Pacific Northwest -- Cascadia & Willamette Valley -- Portland Metro & Willamette Valley (Multnomah County, OR) -- Portland (Downtown Portland, Pearl District, Mississippi Avenue) 
Pacific Northwest -- Cascadia & Willamette Valley -- Portland Metro & Willamette Valley (Multnomah County, OR) -- Salem (Marion County, OR) (Oregon State Capitol with events) 
Pacific Northwest -- Cascadia & Willamette Valley -- Portland Metro & Willamette Valley (Multnomah County, OR) -- Eugene (Lane County, OR) (University town with University of Oregon)
Pacific Northwest -- Eastern Washington & Columbia Basin -- Spokane & Eastern Washington (Spokane County) -- Spokane (Downtown Spokane, Spokane Arena) 
Pacific Northwest -- Eastern Washington & Columbia Basin -- Spokane & Eastern Washington (Spokane County) -- Tri-Cities (Benton & Franklin Counties, WA): Richland, Pasco, Kennewick
Pacific Northwest -- Interior Northwest -- Bend & Central Oregon (Deschutes County, OR) -- Bend (Craft brewery scene with events)
Pacific Northwest -- Salish Sea -- Bellingham & Whatcom County (WA) -- Bellingham (College town atmosphere with Western Washington University) 
Pacific Northwest -- Salish Sea -- Bellingham & Whatcom County (WA) -- San Juan Islands (Island getaways with potential events)
Pacific Northwest -- Oregon Coast -- Eugene & Coast Range (Lane County, OR) -- Eugene (Oregon Coast access point)
Pacific Northwest -- Oregon Coast -- Newport & Lincoln County (OR) -- Newport (Oregon Coast Aquarium, Nye Beach)
Pacific Northwest -- Idaho Panhandle (refer to Rocky Mountains list) -- Coeur d'Alene & Kootenai County (ID) (Resort town with music festivals and events)

West Coast -- Southern California -- Los Angeles & SoCal Beaches -- Los Angeles Metro (Los Angeles County) -- Los Angeles (Downtown LA, Hollywood, West Hollywood)
West Coast -- Southern California -- Los Angeles & SoCal Beaches -- Los Angeles Metro (Los Angeles County) -- Long Beach (Los Angeles County)
West Coast -- Southern California -- Los Angeles & SoCal Beaches -- Los Angeles Metro (Los Angeles County) -- Santa Monica (Los Angeles County)
West Coast -- Southern California -- Los Angeles & SoCal Beaches -- Los Angeles Metro (Los Angeles County) -- Glendale (Los Angeles County) 
West Coast -- Southern California -- Los Angeles & SoCal Beaches -- Orange County Beaches -- Anaheim (Orange County)
West Coast -- Southern California -- Los Angeles & SoCal Beaches -- Orange County Beaches -- Huntington Beach (Orange County)
West Coast -- Southern California -- Los Angeles & SoCal Beaches -- Orange County Beaches -- Newport Beach (Orange County)
West Coast -- Southern California -- San Diego & Baja California -- San Diego Metro (San Diego County) -- San Diego (Gaslamp Quarter, Pacific Beach)
West Coast -- Southern California -- San Diego & Baja California -- San Diego Metro (San Diego County) -- Tijuana (Baja California, Mexico)
West Coast -- Central California -- Inland Empire & Deserts -- Riverside & San Bernardino (Riverside & San Bernardino Counties) -- Riverside (Riverside County)
West Coast -- Central California -- Inland Empire & Deserts -- Riverside & San Bernardino (Riverside & San Bernardino Counties) -- Ontario (San Bernardino County)
West Coast -- Central California -- Inland Empire & Deserts -- Riverside & San Bernardino (Riverside & San Bernardino Counties) -- Rancho Cucamonga (San Bernardino County) 
West Coast -- Central California -- Inland Empire & Deserts -- Palm Springs & Coachella Valley (Riverside County) -- Palm Springs (Desert resort town with music festivals)
West Coast -- Central California -- Inland Empire & Deserts -- Palm Springs & Coachella Valley (Riverside County) -- Indio (Coachella Valley Music and Arts Festival)
West Coast -- Central California -- Central Coast -- Santa Barbara & Central Coast (Santa Barbara County) -- Santa Barbara (American Riviera with cultural scene)
West Coast -- Central California -- Central Coast -- Santa Barbara & Central Coast (Santa Barbara County) -- Ventura (Ventura County) 
West Coast -- Central California -- Central Coast -- Monterey Bay & Carmel (Monterey County) -- Monterey (Cannery Row)
West Coast -- Central California -- Central Coast -- Monterey Bay & Carmel (Monterey County) -- Carmel-by-the-Sea
West Coast -- Central California -- San Francisco Bay Area -- San Francisco & East Bay (San Francisco, Alameda, Contra Costa Counties) -- San Francisco (Downtown SF, Haight-Ashbury, Mission District)
West Coast -- Central California -- San Francisco Bay Area -- San Francisco & East Bay (San Francisco, Alameda, Contra Costa Counties) -- Oakland (Alameda County)
West Coast -- Central California -- San Francisco Bay Area -- San Francisco & East Bay (San Francisco, Alameda, Contra Costa Counties) -- Berkeley (Alameda County) 
West Coast -- Central California -- San Francisco Bay Area -- San Jose & Silicon Valley (Santa Clara County) -- San Jose (Downtown San Jose, Santana Row)
West Coast -- Northern California -- Sacramento & Central Valley -- Sacramento Metro (Sacramento County) -- Sacramento (Downtown Sacramento, Golden 1 Center)
West Coast -- Northern California -- Sacramento & Central Valley -- Sacramento Metro (Sacramento County) -- Roseville (Placer County)
West Coast -- Northern California -- Redwood Empire & North Coast -- Eureka & Humboldt County -- Eureka (Redwood National and State Parks gateway town)
West Coast -- Northern California -- Wine Country (Sonoma & Napa Counties)-- Santa Rosa (Sonoma County) -- Napa (Napa County)

Rocky Mountains -- Colorado Front Range -- Denver Metro (Denver County, Arapahoe County, Jefferson County) -- Denver (Downtown Denver, LoDo, RiNo) 
Rocky Mountains -- Colorado Front Range -- Denver Metro (Denver County, Arapahoe County, Jefferson County) -- Aurora (Arapahoe County) 
Rocky Mountains -- Colorado Front Range -- Denver Metro (Denver County, Arapahoe County, Jefferson County) -- Lakewood (Jefferson County) 
Rocky Mountains -- Colorado Front Range -- Denver Metro (Denver County, Arapahoe County, Jefferson County) -- Fort Collins (Larimer County) 
Rocky Mountains -- Colorado Front Range -- Denver Metro (Denver County, Arapahoe County, Jefferson County) -- Boulder (Boulder County) 
Rocky Mountains -- Colorado Front Range -- Denver Metro (Denver County, Arapahoe County, Jefferson County) -- Westminster (Adams County)
Rocky Mountains -- Wyoming (Excluding Teton Range) -- Jackson Hole & Tetons [ Refer to Jackson Hole & Tetons in the Southwest list (covers Jackson Hole, Wilson) ]
Rocky Mountains -- Wyoming (Excluding Teton Range) -- Wyoming Basins & Big Horn Mountains -- Sheridan & Big Horn Mountains (Sheridan County) -- Sheridan (Historic downtown)
Rocky Mountains -- Wyoming (Excluding Teton Range) -- Wyoming Basins & Big Horn Mountains -- Sheridan & Big Horn Mountains (Sheridan County) -- Buffalo (Johnson County) 
Rocky Mountains -- Wyoming (Excluding Teton Range) -- Wyoming Basins & Big Horn Mountains -- Casper & Central Wyoming (Natrona County): Refer to Casper & Central Wyoming in the Great Plains list (covers some of Wyoming)
Rocky Mountains -- Idaho & Utah -- Boise & Southwestern Idaho (Ada County) -- Boise (Boise Centre, Downtown Boise) 
Rocky Mountains -- Idaho & Utah -- Boise & Southwestern Idaho (Ada County) -- Meridian (Ada County)
Rocky Mountains -- Idaho & Utah -- Salt Lake City & Wasatch Range [ Refer to Salt Lake City & Wasatch Range in the Southwest list (covers Salt Lake City, Park City) ]
Rocky Mountains -- Montana -- Montana & Yellowstone Country -- Bozeman & Big Sky Country (Gallatin County) -- Bozeman (Montana State University)
Rocky Mountains -- Montana -- Montana & Yellowstone Country -- Bozeman & Big Sky Country (Gallatin County) -- Big Sky (Ski resort with entertainment options)
Rocky Mountains -- Montana -- Montana & Yellowstone Country -- Bozeman & Big Sky Country (Gallatin County) -- Livingston (Park County) 
Rocky Mountains -- Montana -- Montana & Yellowstone Country -- Billings & Southeast Montana (Yellowstone County): Refer to Billings & Southeast Montana in the Great Plains list (covers some of Yellowstone Country)
Rocky Mountains -- Glacier National Park & Flathead Range -- Kalispell & Flathead Valley (Flathead County) -- Kalispell (Gateway to Glacier National Park) 
Rocky Mountains -- Glacier National Park & Flathead Range -- Kalispell & Flathead Valley (Flathead County) -- Whitefish (Mountain resort town)

Southwest -- Arizona -- Phoenix & Arizona Sun Corridor (Central & South AZ) -- Phoenix Metro (Maricopa County) -- Phoenix (Downtown, Scottsdale Quarter, Mill Avenue)
Southwest -- Arizona -- Phoenix & Arizona Sun Corridor (Central & South AZ) -- Phoenix Metro (Maricopa County) -- Tempe (Arizona State University)
Southwest -- Arizona -- Phoenix & Arizona Sun Corridor (Central & South AZ) -- Phoenix Metro (Maricopa County) -- Mesa (Nightlife and entertainment districts)
Southwest -- Arizona -- Phoenix & Arizona Sun Corridor (Central & South AZ) -- Phoenix Metro (Maricopa County) -- Glendale (Gila River Arena) 
Southwest -- Arizona -- Phoenix & Arizona Sun Corridor (Central & South AZ) -- Tucson Metro (Pima County) -- Tucson (4th Avenue, Downtown)
Southwest -- Arizona -- Phoenix & Arizona Sun Corridor (Central & South AZ) -- Tucson Metro (Pima County) -- Oro Valley (Upscale shopping and dining)
Southwest -- Arizona -- Flagstaff & Northern Arizona Mountains -- Flagstaff (Coconino County) -- Flagstaff (Historic downtown, NAU events)
Southwest -- Arizona -- Flagstaff & Northern Arizona Mountains -- Flagstaff (Coconino County) -- Sedona (Red Rock Country)
Southwest -- New Mexico -- Albuquerque & Rio Grande Valley (Central NM) -- Albuquerque Metro (Bernalillo County) -- Albuquerque (Old Town, Downtown, Nob Hill)
Southwest -- New Mexico -- Albuquerque & Rio Grande Valley (Central NM) -- Albuquerque Metro (Bernalillo County) -- Rio Rancho (Santa Ana Star Center)
Southwest -- New Mexico -- Santa Fe & Northern New Mexico (North NM) -- Santa Fe (Santa Fe County) -- Santa Fe (Santa Fe Plaza, Canyon Road)
Southwest -- New Mexico -- Santa Fe & Northern New Mexico (North NM) -- Santa Fe (Santa Fe County) -- Taos (Taos Pueblo)
Southwest -- Nevada -- Las Vegas & Southern Nevada (South NV) -- Las Vegas Strip (Clark County) -- Las Vegas (Casinos, live shows, entertainment districts)
Southwest -- Nevada -- Las Vegas & Southern Nevada (South NV) -- Las Vegas Strip (Clark County) -- Paradise (Las Vegas Strip resorts) 
Southwest -- Nevada -- Las Vegas & Southern Nevada (South NV) -- Henderson (Clark County) -- Henderson (Green Valley Ranch Resort)
Southwest -- Nevada -- Reno & Great Basin (North NV) -- Reno Metro (Washoe County) -- Reno (Downtown, Midtown District)
Southwest -- Nevada -- Reno & Great Basin (North NV) -- Reno Metro (Washoe County) -- Sparks (Nugget Casino Resort) 
Southwest -- Nevada -- Reno & Great Basin (North NV) -- Reno Metro (Washoe County) -- Lake Tahoe (Washoe County, Placer County, CA) -- Lake Tahoe (Washoe County, Placer County, CA) -- North Lake Tahoe (Incline Village, Crystal Bay)
Southwest -- Nevada -- Reno & Great Basin (North NV) -- Reno Metro (Washoe County) -- Lake Tahoe (Washoe County, Placer County, CA) -- Lake Tahoe (Washoe County, Placer County, CA) -- South Lake Tahoe (Stateline, Heavenly Mountain Resort)
Southwest -- Utah -- Salt Lake City & Wasatch Range (North UT) -- Salt Lake City Metro (Salt Lake County) -- Salt Lake City (Downtown, Temple Square, Trolley Square)
Southwest -- Utah -- Salt Lake City & Wasatch Range (North UT) -- Salt Lake City Metro (Salt Lake County) -- Park City (Summit County)
Southwest -- Utah -- Utah's Canyon Country & Arches (Southeast UT) -- Moab (Grand County) -- Arches National Park
Southwest -- Utah -- Utah's Canyon Country & Arches (Southeast UT) -- Moab (Grand County) -- Canyonlands National Park
Southwest -- Utah -- Southern Utah National Parks (Southwest UT) -- Springdale (Washington County) -- Zion National Park
Southwest -- West Texas -- El Paso & West Texas (West TX) -- El Paso Metro (El Paso County) -- El Paso (Downtown, El Paso Street)
Southwest -- West Texas -- El Paso & West Texas (West TX) -- El Paso Metro (El Paso County) -- Las Cruces (Doña Ana County, NM)

Great Plains -- Oklahoma -- Oklahoma City & Tulsa Metro -- Oklahoma City Metro (Oklahoma County) -- Oklahoma City (Bricktown, Paseo Arts District, Downtown)
Great Plains -- Oklahoma -- Oklahoma City & Tulsa Metro -- Oklahoma City Metro (Oklahoma County) -- Norman (University of Oklahoma) 
Great Plains -- Oklahoma -- Oklahoma City & Tulsa Metro -- Tulsa Metro (Tulsa County) -- Tulsa (Blue Dome District, Brady District, Brookside)
Great Plains -- Oklahoma -- Oklahoma City & Tulsa Metro -- Tulsa Metro (Tulsa County) -- Broken Arrow (Nightlife and entertainment options)
Great Plains -- Kansas -- Kansas City & Flint Hills (Eastern KS) -- Manhattan & Flint Hills (Riley County) -- Manhattan (Kansas State University)
Great Plains -- Kansas -- Kansas City & Flint Hills (Eastern KS) -- Manhattan & Flint Hills (Riley County) -- Junction City (Geary County) 
Great Plains -- Kansas -- Kansas City & Flint Hills (Eastern KS) -- Kansas City Metro (Wyandotte County, KS): Refer to Kansas City & Western Missouri in Upper Midwest list (covers Kansas City, KS)
Great Plains -- Kansas -- Wichita & Central Plains (Central KS) -- Wichita Metro (Sedgwick County) -- Wichita (Old Town, Century Advance Arena)
Great Plains -- Kansas -- Wichita & Central Plains (Central KS) -- Wichita Metro (Sedgwick County) -- Derby (Nightlife options)
Great Plains -- Nebraska -- Nebraska Sandhills & Prairies -- Lincoln & Eastern Nebraska (Lancaster County) -- Lincoln (Haymarket District, University of Nebraska-Lincoln) 
Great Plains -- Nebraska -- Nebraska Sandhills & Prairies -- Omaha (Downtown, Old Market)
Great Plains -- South Dakota -- Black Hills & Western South Dakota (West SD) -- Rapid City & Black Hills (Pennington County) -- Rapid City (Art Alley, Main Street Square)
Great Plains -- South Dakota -- Black Hills & Western South Dakota (West SD) -- Rapid City & Black Hills (Pennington County) -- Spearfish (South Dakota School of Mines and Technology)
Great Plains -- South Dakota -- Eastern South Dakota & North Dakota (East SD, ND) -- Sioux Falls & Southeast South Dakota (Minnehaha County) -- Sioux Falls (Washington Avenue, Sioux Falls Arena)
Great Plains -- South Dakota -- Eastern South Dakota & North Dakota (East SD, ND) -- Sioux Falls & Southeast South Dakota (Minnehaha County) -- Brookings (South Dakota State University) 
Great Plains -- South Dakota -- Eastern South Dakota & North Dakota (East SD, ND) -- Fargo & Red River Valley (ND, MN): Refer to Fargo & Red River Valley in Upper Midwest list (covers Fargo, ND)
Great Plains -- Texas -- Texas Panhandle & High Plains (TX Panhandle) -- Amarillo & Texas Panhandle (Potter County) -- Amarillo (West Texas A&M University)
Great Plains -- Texas -- Texas Panhandle & High Plains (TX Panhandle) -- Amarillo & Texas Panhandle (Potter County) -- Canyon (Randall County - West Texas A&M University) 
Great Plains -- Texas -- Texas Panhandle & High Plains (TX Panhandle) -- Lubbock & West Texas (Lubbock County) -- Lubbock (Texas Tech University)
Great Plains -- Montana & Wyoming -- Eastern Montana & Prairies (East MT) -- Billings & Southeast Montana (Yellowstone County): (Partially overlaps with Rocky Mountains - Yellowstone Country) -- Billings (MetraPark)
Great Plains -- Montana & Wyoming -- Wyoming Basins & High Plains (East WY) -- Cheyenne & Southeast Wyoming (Laramie County) -- Cheyenne (Frontier Days) 
Great Plains -- Montana & Wyoming -- Wyoming Basins & High Plains (East WY) -- Cheyenne & Southeast Wyoming (Laramie County) -- Casper & Central Wyoming (Natrona County): Refer to Casper & Central Wyoming in the Rocky Mountains list (covers Casper)

Upper Midwest -- Minnesota -- Twin Cities & Minnesota -- Minneapolis & St. Paul Metro (Hennepin, Ramsey, Washington Counties) -- Minneapolis (Downtown Minneapolis, Uptown, Nicollet Mall)
Upper Midwest -- Minnesota -- Twin Cities & Minnesota -- Minneapolis & St. Paul Metro (Hennepin, Ramsey, Washington Counties) -- St. Paul (Lowertown, Grand Avenue, Cathedral Hill)
Upper Midwest -- Minnesota -- Twin Cities & Minnesota -- Minneapolis & St. Paul Metro (Hennepin, Ramsey, Washington Counties) -- Bloomington (Mall of America, Mall of America events)
Upper Midwest -- Minnesota -- Twin Cities & Minnesota -- Rochester & Southeast Minnesota (Olmsted County) -- Rochester (Mayo Clinic, Mayo Clinic events)
Upper Midwest -- Minnesota -- Twin Cities & Minnesota -- Rochester & Southeast Minnesota (Olmsted County) -- Winona (Winona State University)
Upper Midwest -- Wisconsin -- Wisconsin & Great Lakes -- Milwaukee & Southern Wisconsin (Milwaukee County, Waukesha County) -- Milwaukee (Lakefront, Third Ward, Brady Street)
Upper Midwest -- Wisconsin -- Wisconsin & Great Lakes -- Milwaukee & Southern Wisconsin (Milwaukee County, Waukesha County) -- Waukesha (Carroll University)
Upper Midwest -- Wisconsin -- Wisconsin & Great Lakes -- Madison & Southwest Wisconsin (Dane County) -- Madison (State Street, Capitol Square, UW-Madison campus)
Upper Midwest -- Wisconsin -- Wisconsin & Great Lakes -- Madison & Southwest Wisconsin (Dane County) -- Fitchburg (Adjacent to Madison with additional venues)
Upper Midwest -- Wisconsin -- Wisconsin & Great Lakes -- Green Bay & Northeast Wisconsin (Brown County) -- Green Bay (Lambeau Field, Titletown District)
Upper Midwest -- Wisconsin -- Wisconsin & Great Lakes -- Green Bay & Northeast Wisconsin (Brown County) -- Appleton (Fox Cities performing arts scene)
Upper Midwest -- Iowa -- Des Moines & Iowa Farmland -- Des Moines Metro (Polk County) -- Des Moines (East Village, Downtown Des Moines)
Upper Midwest -- Iowa -- Des Moines & Iowa Farmland -- Des Moines Metro (Polk County) -- West Des Moines (Valley Junction)
Upper Midwest -- Iowa -- Des Moines & Iowa Farmland -- Ames (Story County) -- Ames (Campustown, ISU events)
Upper Midwest -- Missouri & Kansas -- Kansas City & Western Missouri -- Kansas City Metro (Jackson, Clay, Platte Counties, MO) -- Kansas City (Power & Light District, Westport, Country Club Plaza)
Upper Midwest -- Missouri & Kansas -- Kansas City & Western Missouri -- Kansas City Metro (Jackson, Clay, Platte Counties, MO) -- Independence (Harry S. Truman Presidential Library and Museum)
Upper Midwest -- Missouri & Kansas -- Kansas City & Western Missouri -- Lawrence (Douglas County, KS) -- Lawrence (Massachusetts Street, KU events)
Upper Midwest -- North Dakota & Minnesota -- Fargo & Red River Valley (ND, MN) -- Fargo-Moorhead Metro (Cass County, ND; Clay County, MN) -- Fargo (NDSU campus events)
Upper Midwest -- North Dakota & Minnesota -- Fargo & Red River Valley (ND, MN) -- Fargo-Moorhead Metro (Cass County, ND; Clay County, MN) -- Moorhead (Minnesota State University Moorhead)
Upper Midwest -- Michigan -- Northern Minnesota & Superior National Forest -- Duluth & Iron Range (St. Louis County) -- Duluth (Canal Park, Bayfront)
Upper Midwest -- Michigan -- Northern Minnesota & Superior National Forest -- Duluth & Iron Range (St. Louis County) -- Hibbing (Iron Range music scene)
Upper Midwest -- Michigan -- Northern Minnesota & Superior National Forest -- Grand Rapids & Itasca County (Bemidji area) -- Grand Rapids (Itasca State Park)
Upper Midwest -- Michigan -- Northern Minnesota & Superior National Forest -- Grand Rapids & Itasca County (Bemidji area) -- Bemidji (Lake Bemidji, Bemidji Summer Music Festival)
Upper Midwest -- Michigan -- Upper Peninsula & Northern Michigan -- Marquette & Upper Peninsula (Marquette County) -- Marquette (Lake Superior, NMU campus events)
Upper Midwest -- Michigan -- Upper Peninsula & Northern Michigan -- Marquette & Upper Peninsula (Marquette County) -- Houghton (Michigan Technological University)
Upper Midwest -- Michigan -- Upper Peninsula & Northern Michigan -- Traverse City & Northwestern Lower Michigan (Grand Traverse County) -- Traverse City (Cherry Capital of the World, National Cherry Festival)
Upper Midwest -- Michigan -- Upper Peninsula & Northern Michigan -- Traverse City & Northwestern Lower Michigan (Grand Traverse County) -- Interlochen (Interlochen Center for the Arts)
Upper Midwest -- Michigan -- Upper Peninsula & Northern Michigan -- Traverse City & Northwestern Lower Michigan (Grand Traverse County) -- Sleeping Bear Dunes National Lakeshore

Midwest -- Chicago & Great Lakes -- Chicagoland (Cook, DuPage, Will, Lake Counties, IL) -- Chicago (Loop, Wicker Park, Lincoln Park, Navy Pier) 
Midwest -- Chicago & Great Lakes -- Chicagoland (Cook, DuPage, Will, Lake Counties, IL) -- Evanston (Northwestern University) 
Midwest -- Chicago & Great Lakes -- Chicagoland (Cook, DuPage, Will, Lake Counties, IL) -- Oak Park (Frank Lloyd Wright Historic District) 
Midwest -- Chicago & Great Lakes -- Chicagoland (Cook, DuPage, Will, Lake Counties, IL) -- Naperville (Riviere Valley Festival) 
Midwest -- Chicago & Great Lakes -- Chicagoland (Cook, DuPage, Will, Lake Counties, IL) -- Schaumburg (Woodfield Mall)
Midwest -- Chicago & Great Lakes -- Milwaukee & Southern Wisconsin (Milwaukee County, WI) [ Refer to Milwaukee & Southern Wisconsin in Upper Midwest list (covers Milwaukee, Madison) ]
Midwest -- Chicago & Great Lakes -- South Bend & Fort Wayne (St. Joseph & Allen Counties, IN) -- South Bend (University of Notre Dame) 
Midwest -- Chicago & Great Lakes -- South Bend & Fort Wayne (St. Joseph & Allen Counties, IN) -- Fort Wayne (Arts & Culture)
Midwest -- Chicago & Great Lakes -- Grand Rapids & West Michigan (Kent County, MI) -- Grand Rapids (Beer City) 
Midwest -- Chicago & Great Lakes -- Grand Rapids & West Michigan (Kent County, MI) -- Kalamazoo (Western Michigan University)
Midwest -- Detroit & Southeast Michigan -- Metro Detroit (Wayne, Oakland, Macomb Counties, MI) -- Detroit (Downtown, Midtown, Eastern Market) 
Midwest -- Detroit & Southeast Michigan -- Metro Detroit (Wayne, Oakland, Macomb Counties, MI) -- Ann Arbor (University of Michigan) 
Midwest -- Detroit & Southeast Michigan -- Metro Detroit (Wayne, Oakland, Macomb Counties, MI) -- Royal Oak (Downtown nightlife)
Midwest -- Detroit & Southeast Michigan -- Lansing & Mid-Michigan (Ingham County, MI) -- Lansing (State Capitol) 
Midwest -- Detroit & Southeast Michigan -- Lansing & Mid-Michigan (Ingham County, MI) -- East Lansing (Michigan State University)
Midwest -- Indianapolis & Central Indiana -- Indianapolis Metro (Marion County, IN) -- Indianapolis (Circle Centre, Mass Ave, Fountain Square) 
Midwest -- Indianapolis & Central Indiana -- Indianapolis Metro (Marion County, IN) -- Carmel (Arts & Design District)
Midwest -- Indianapolis & Central Indiana -- Fort Wayne (Allen County, IN) [ Referenced in both Chicago & Great Lakes and Indianapolis & Central Indiana (consider data weight for subregion placement) ]
Midwest -- Indianapolis & Central Indiana -- Lafayette & West Lafayette (Tippecanoe County, IN) -- Purdue University (College town atmosphere)
Midwest -- Cincinnati & Ohio River Valley (OH, KY) -- Greater Cincinnati (Hamilton County, OH; Kenton & Boone Counties, KY) -- Cincinnati (Over-the-Rhine, Findlay Market, Banks) 
Midwest -- Cincinnati & Ohio River Valley (OH, KY) -- Greater Cincinnati (Hamilton County, OH; Kenton & Boone Counties, KY) -- Newport (KY) (Levee entertainment district)
Midwest -- Cincinnati & Ohio River Valley (OH, KY) -- Dayton & Southwestern Ohio (Montgomery County, OH) -- Dayton (Oregon District)
Midwest -- Cincinnati & Ohio River Valley (OH, KY) -- Lexington & Bluegrass (Fayette County, KY) -- Lexington (University of Kentucky, Rupp Arena) 
Midwest -- Cincinnati & Ohio River Valley (OH, KY) -- Lexington & Bluegrass (Fayette County, KY) -- Louisville (Shared with Louisville & Southern Indiana)
Midwest -- Cleveland & Northeast Ohio -- Cleveland & Cuyahoga Valley (Cuyahoga County, OH) -- Cleveland (Downtown, Playhouse Square, East Bank) 
Midwest -- Cleveland & Northeast Ohio -- Cleveland & Cuyahoga Valley (Cuyahoga County, OH) -- Akron (Canton Repository National Football Hall of Fame)
Midwest -- Cleveland & Northeast Ohio -- Columbus & Central Ohio (Franklin County, OH) -- Columbus (Short North Arts District, Ohio State University)
Midwest -- Toledo & Northwest Ohio -- Toledo Metro (Lucas County, OH) -- Toledo (Mud Hens baseball, Toledo Museum of Art)
Midwest -- St. Louis & Metro East (MO, IL) -- St. Louis Metro (St. Louis City, St. Louis County, MO; Madison & St. Clair Counties, IL) -- St. Louis (Gateway Arch, Delmar Loop, Soulard) 
Midwest -- St. Louis & Metro East (MO, IL) -- St. Louis Metro (St. Louis City, St. Louis County, MO; Madison & St. Clair Counties, IL) -- Alton (IL) (historic downtown)

Appalachia -- Northern Appalachia (PA, NY) -- Pittsburgh & Southwestern Pennsylvania (Allegheny County, PA) -- Pittsburgh (Strip District, Cultural District, South Side) 
Appalachia -- Northern Appalachia (PA, NY) -- Pittsburgh & Southwestern Pennsylvania (Allegheny County, PA) -- Erie (Presque Isle State Park)
Appalachia -- Northern Appalachia (PA, NY) -- Upstate New York (limited coverage - consider expanding based on data) -- Rochester (East Ave Entertainment District) 
Appalachia -- Northern Appalachia (PA, NY) -- Upstate New York (limited coverage - consider expanding based on data) -- Syracuse (Collegetown)
Appalachia -- Central Appalachia (OH, WV, VA, KY, TN) -- Columbus & Appalachian Ohio (Franklin County, Fairfield County, OH) -- Columbus (Ohio Expo Center & Nationwide Arena events) 
Appalachia -- Central Appalachia (OH, WV, VA, KY, TN) -- Columbus & Appalachian Ohio (Franklin County, Fairfield County, OH) -- Lancaster (Fairfield County - Amish Country)
Appalachia -- Central Appalachia (OH, WV, VA, KY, TN) -- Charleston & West Virginia (Kanawha County, WV) -- Charleston (Capitol Complex, Cultural Center) 
Appalachia -- Central Appalachia (OH, WV, VA, KY, TN) -- Charleston & West Virginia (Kanawha County, WV) -- Huntington & Tri-State Area (Cabell County, WV; Lawrence County, OH; Boyd County, KY): Refer to Huntington & Tri-State Area description below (avoids duplication).
Appalachia -- Central Appalachia (OH, WV, VA, KY, TN) -- Lexington & Appalachian Kentucky (Fayette County, KY; surrounding counties in Appalachian region) -- Lexington (University of Kentucky area, Rupp Arena) 
Appalachia -- Central Appalachia (OH, WV, VA, KY, TN) -- Lexington & Appalachian Kentucky (Fayette County, KY; surrounding counties in Appalachian region) -- Paintsville (Johnson County - Country Music Highway 11)
Appalachia -- Central Appalachia (OH, WV, VA, KY, TN) -- Knoxville & East Tennessee (Knox County, TN) -- Knoxville (University of Tennessee, Downtown Knoxville) 
Appalachia -- Central Appalachia (OH, WV, VA, KY, TN) -- Knoxville & East Tennessee (Knox County, TN) -- Gatlinburg & The Great Smoky Mountains (Sevierville, Pigeon Forge)
Appalachia -- Central Appalachia (OH, WV, VA, KY, TN) -- Chattanooga & Southeast Tennessee (Hamilton County, TN) -- Chattanooga (Chattanooga Choo Choo, Walnut Street Bridge)
Appalachia -- Southern Appalachia (NC, SC, GA, AL) -- Asheville & Western North Carolina (Buncombe County, NC) -- Asheville (Biltmore Estate, Downtown Asheville) 
Appalachia -- Southern Appalachia (NC, SC, GA, AL) -- Asheville & Western North Carolina (Buncombe County, NC) -- Boone (Watauga County - Appalachian State University)
Appalachia -- Southern Appalachia (NC, SC, GA, AL) -- Charlotte & Piedmont North Carolina (Mecklenburg County, NC) -- Charlotte (Uptown Charlotte, Spectrum Center) 
Appalachia -- Southern Appalachia (NC, SC, GA, AL) -- Charlotte & Piedmont North Carolina (Mecklenburg County, NC) -- Greensboro (Triad metropolitan area with multiple venues including High Point & Winston-Salem)
Appalachia -- Southern Appalachia (NC, SC, GA, AL) -- Atlanta & North Georgia (Fulton County, DeKalb County, GA) -- Atlanta (Buckhead, Midtown, Downtown) 
Appalachia -- Southern Appalachia (NC, SC, GA, AL) -- Atlanta & North Georgia (Fulton County, DeKalb County, GA) -- Athens (Clarke County - University of Georgia)
Appalachia -- Southern Appalachia (NC, SC, GA, AL) -- Greenville & Upstate South Carolina (Greenville County, SC) -- Greenville (Falls Park on the Reedy, Bon Secours Wellness Arena)
Appalachia -- Southern Appalachia (NC, SC, GA, AL) -- Birmingham & North Alabama (Jefferson County, AL) -- Birmingham (Birmingham Civil Rights District, Railroad Park)
Appalachia -- Southern Appalachia (NC, SC, GA, AL) -- Huntsville & North Alabama (Madison County, AL) -- Huntsville (Space Center, Von Braun Center)
Appalachia -- Eastern Kentucky & Appalachian Mountains (KY) -- Lexington & Appalachian Kentucky (Fayette County, KY; surrounding counties in Appalachian region) [Already included in Central Appalachia]
Appalachia -- West Virginia (WV) -- Charleston & West Virginia (Kanawha County, WV) [Already included in Central Appalachia]
Appalachia -- West Virginia (WV) -- Morgantown & Monongalia County -- Morgantown (High Street entertainment district)
Appalachia -- West Virginia (WV) -- Huntington & Tri-State Area (Cabell County, WV; Lawrence County, OH; Boyd County, KY) -- Huntington (Huntington Museum of Art, additional venues in Ohio and Kentucky)
Appalachia -- West Virginia (WV) -- Eastern Panhandle (Berkeley & Jefferson Counties, WV) -- Martinsburg (Eastern Panhandle Arts & Humanities Council events) 
Appalachia -- West Virginia (WV) -- Eastern Panhandle (Berkeley & Jefferson Counties, WV) -- Shepherdstown (Historic town with live music venues)

Northeast -- Boston & Eastern Massachusetts -- Metro Boston (Suffolk, Middlesex, Norfolk Counties) -- Boston (Downtown, Back Bay, Fenway Park, Seaport) 
Northeast -- Boston & Eastern Massachusetts -- Metro Boston (Suffolk, Middlesex, Norfolk Counties) -- Cambridge (Harvard Square, Central Square, Kendall Square) 
Northeast -- Boston & Eastern Massachusetts -- Metro Boston (Suffolk, Middlesex, Norfolk Counties) -- Somerville (Davis Square) 
Northeast -- Boston & Eastern Massachusetts -- Metro Boston (Suffolk, Middlesex, Norfolk Counties) -- Brookline (Longwood Medical Area, Coolidge Corner) 
Northeast -- Boston & Eastern Massachusetts -- Metro Boston (Suffolk, Middlesex, Norfolk Counties) -- Quincy (Adams Quincy Market) 
Northeast -- Boston & Eastern Massachusetts -- Metro Boston (Suffolk, Middlesex, Norfolk Counties) -- Waltham (Brandeis University) 
Northeast -- Boston & Eastern Massachusetts -- Metro Boston (Suffolk, Middlesex, Norfolk Counties) -- Newton (College of the Holy Cross)
Northeast -- Boston & Eastern Massachusetts -- North Shore (Essex County) -- Salem (Witch City) 
Northeast -- Boston & Eastern Massachusetts -- North Shore (Essex County) -- Newburyport (Waterfront) 
Northeast -- Boston & Eastern Massachusetts -- North Shore (Essex County) -- Gloucester (Working Harbor) 
Northeast -- Boston & Eastern Massachusetts -- North Shore (Essex County) -- Beverly (Montserrat)
Northeast -- Boston & Eastern Massachusetts -- South Shore (Plymouth County) -- Plymouth (Historic Waterfront) 
Northeast -- Boston & Eastern Massachusetts -- South Shore (Plymouth County) -- Hingham (Shipyards) 
Northeast -- Boston & Eastern Massachusetts -- South Shore (Plymouth County) -- Duxbury (Beaches) 
Northeast -- Boston & Eastern Massachusetts -- South Shore (Plymouth County) -- Marshfield (South Shore Music Scene)
Northeast -- Cape Cod & Islands -- Cape Cod (Barnstable County) -- Outer Cape (Provincetown, Wellfleet, Orleans) 
Northeast -- Cape Cod & Islands -- Cape Cod (Barnstable County) -- Mid-Cape (Yarmouth, Dennis, Brewster) 
Northeast -- Cape Cod & Islands -- Cape Cod (Barnstable County) -- Lower Cape (Hyannis, Falmouth, Mashpee)
Northeast -- Cape Cod & Islands -- Nantucket & Martha's Vineyard (Dukes County) -- Nantucket (Town & Whaling History) 
Northeast -- Cape Cod & Islands -- Nantucket & Martha's Vineyard (Dukes County) -- Martha's Vineyard (Vineyard Haven, Oak Bluffs, Edgartown)
Northeast -- Connecticut Coast & Long Island Sound -- Fairfield County (Connecticut) -- Stamford (Downtown) 
Northeast -- Connecticut Coast & Long Island Sound -- Fairfield County (Connecticut) -- Greenwich (Upscale Shopping) 
Northeast -- Connecticut Coast & Long Island Sound -- Fairfield County (Connecticut) -- Bridgeport (Nightlife) 
Northeast -- Connecticut Coast & Long Island Sound -- Fairfield County (Connecticut) -- Norwalk (Oyster Festival)
Northeast -- Connecticut Coast & Long Island Sound -- New Haven County (Connecticut) -- New Haven (Yale University, Arts Scene) 
Northeast -- Connecticut Coast & Long Island Sound -- New Haven County (Connecticut) -- Milford (Lisbon Landing) 
Northeast -- Connecticut Coast & Long Island Sound -- New Haven County (Connecticut) -- Guilford (Green)
Northeast -- Northern New England -- Southern Maine (Cumberland County) -- Greater Portland Area (Portland, South Portland, Westbrook)
Northeast -- Northern New England -- Southern New Hampshire (Hillsborough & Rockingham Counties) -- Greater Manchester (Manchester, Nashua) 
Northeast -- Northern New England -- Southern New Hampshire (Hillsborough & Rockingham Counties) -- Seacoast (Portsmouth, Dover, Hampton)
Northeast -- Northern New England -- Central Vermont (Chittenden County) -- Burlington (Church Street Marketplace, University of Vermont)
Northeast -- Northern New England -- Western Maine & New Hampshire Lakes Region (portions of Carroll & Grafton Counties, NH; Oxford County, ME) -- Lakes Region (Laconia, NH; Conway, NH; North Conway, NH; Fryeburg, ME) 
Northeast -- Northern New England -- Western Maine & New Hampshire Lakes Region (portions of Carroll & Grafton Counties, NH; Oxford County, ME) -- White Mountains (Loon Mountain, Waterville Valley)

Atlantic Coast -- New York City & Metro -- New York City & Long Island (NY, NJ) -- New York City (Manhattan, Brooklyn, Queens, Bronx, Staten Island) 
Atlantic Coast -- New York City & Metro -- New York City & Long Island (NY, NJ) -- Long Island (Nassau & Suffolk Counties): Refer to Long Island details in Atlantic Coast Subregions document (avoids duplication)
Atlantic Coast -- New York City & Metro -- Lower Hudson Valley & Northern New Jersey (NY, NJ) -- Lower Hudson Valley (Westchester, Rockland, Putnam Counties, NY): Refer to Lower Hudson Valley details in Atlantic Coast Subregions document (avoids duplication) 
Atlantic Coast -- New York City & Metro -- Lower Hudson Valley & Northern New Jersey (NY, NJ) -- Northern New Jersey (Bergen, Essex, Passaic Counties, NJ): Refer to Northern New Jersey details in Atlantic Coast Subregions document (avoids duplication)
Atlantic Coast -- Philadelphia & Delaware Valley (PA, NJ) -- Philadelphia & Inner Suburbs (PA) -- Philadelphia (refer to details in Atlantic Coast Subregions document) 
Atlantic Coast -- Philadelphia & Delaware Valley (PA, NJ) -- Philadelphia & Inner Suburbs (PA) -- Montgomery County (King of Prussia, Norristown, Conshohocken) 
Atlantic Coast -- Philadelphia & Delaware Valley (PA, NJ) -- Philadelphia & Inner Suburbs (PA) -- Delaware County (Media, Upper Darby, Springfield)
Atlantic Coast -- Philadelphia & Delaware Valley (PA, NJ) -- South Jersey (NJ) -- Refer to South Jersey details in Atlantic Coast Subregions document (avoids duplication)
Atlantic Coast -- Virginia Beach & Hampton Roads (VA) -- Virginia Beach & Virginia Beach Oceanfront (VA) -- Refer to Virginia Beach & Virginia Beach Oceanfront details in Atlantic Coast Subregions document (avoids duplication)
Atlantic Coast -- Virginia Beach & Hampton Roads (VA) -- Norfolk & Portsmouth (VA) -- Refer to Norfolk & Portsmouth details in Atlantic Coast Subregions document (avoids duplication)
Atlantic Coast -- Virginia Beach & Hampton Roads (VA) -- Newport News & Hampton (VA) -- Refer to Newport News & Hampton details in Atlantic Coast Subregions document (avoids duplication)
Atlantic Coast -- Outer Banks & Coastal North Carolina (NC) -- Outer Banks (NC) -- Refer to Outer Banks details in Atlantic Coast Subregions document (avoids duplication)
Atlantic Coast -- Outer Banks & Coastal North Carolina (NC) -- Wilmington & Cape Fear Coast (NC) -- Refer to Wilmington & Cape Fear Coast details in Atlantic Coast Subregions document (avoids duplication)
Atlantic Coast -- Ocean City & Delmarva (MD, DE, VA) -- Ocean City & Maryland Beaches (MD) -- Refer to Ocean City & Maryland Beaches details in Atlantic Coast Subregions document (avoids duplication)
Atlantic Coast -- Ocean City & Delmarva (MD, DE, VA) -- Delaware Beaches (DE) -- Refer to Delaware Beaches details in Atlantic Coast Subregions document (avoids duplication)
Atlantic Coast -- Ocean City & Delmarva (MD, DE, VA) -- Eastern Shore (MD, VA) [ Refer to Virginia's Eastern Shore details in Atlantic Coast Subregions document (avoids duplication) ]
Atlantic Coast -- Washington D.C. & Chesapeake Bay (MD, VA) -- Washington D.C. & Northern Virginia (DC, VA) -- Washington D.C. & Arlington, Alexandria (VA)
Atlantic Coast -- Washington D.C. & Chesapeake Bay (MD, VA) -- Baltimore & Annapolis (MD) -- Baltimore City (Inner Harbor, Fells Point) 
Atlantic Coast -- Washington D.C. & Chesapeake Bay (MD, VA) -- Baltimore & Annapolis (MD) -- Anne Arundel County (Annapolis, Navy Yard, Maryland State House)
Atlantic Coast -- Washington D.C. & Chesapeake Bay (MD, VA) -- Virginia's Eastern Shore (VA) [ Refer to Virginia's Eastern Shore details in Atlantic Coast Subregions document (avoids duplication) ]

South Central -- Texas -- Central Texas Hill Country -- Fredericksburg & Gillespie County (Fredericksburg, Fredericksburg wineries) 
South Central -- Texas -- Central Texas Hill Country -- Kerrville & Kerrville Folk Festival (Kerrville, Kerrville wineries) 
South Central -- Texas -- Central Texas Hill Country -- Wimberley & Hays County (Wimberley, Dripping Springs) 
South Central -- Texas -- Central Texas Hill Country -- Boerne & Kendall County (Boerne, Cibolo)
South Central -- Texas -- Dallas-Fort Worth Metroplex -- Dallas & Inner Suburbs (Dallas, Richardson, Plano, Frisco, McKinney)(Dallas & Collin Counties) 
South Central -- Texas -- Dallas-Fort Worth Metroplex -- Fort Worth & Tarrant County (Fort Worth, Arlington, Grapevine) 
South Central -- Texas -- Dallas-Fort Worth Metroplex -- Arlington & Entertainment District (Arlington, Entertainment District with Six Flags, Globe Life Field, Hurricane Harbor)(Tarrant County)
South Central -- Texas -- Austin & Central Texas -- Austin & Travis County (Austin, South Congress, Zilker Park) 
South Central -- Texas -- Austin & Central Texas -- San Marcos & Hays County (San Marcos, outlet shopping)(Shared with Hill Country) 
South Central -- Texas -- Austin & Central Texas -- New Braunfels & Comal County (New Braunfels, Gruene Historic District)(Shared with San Antonio area) 
South Central -- Texas -- Austin & Central Texas -- Round Rock & Williamson County (Round Rock, Dell Diamond)
South Central -- Texas -- San Antonio & South Texas -- San Antonio & Bexar County (San Antonio, Riverwalk, Fiesta Texas) 
South Central -- Texas -- San Antonio & South Texas -- New Braunfels & Comal County (New Braunfels, Gruene Historic District)(Shared with Austin area) 
South Central -- Texas -- San Antonio & South Texas -- Laredo & Webb County (Laredo, World Heritage Sites)
South Central -- Texas -- Waco & Central Texas Blackland Prairie -- Waco & McLennan County (Waco, Magnolia Market, Baylor University) 
South Central -- Texas -- Waco & Central Texas Blackland Prairie -- Temple & Bell County (Temple, Bell County Expo Center) 
South Central -- Texas -- Waco & Central Texas Blackland Prairie -- Killeen & Fort Hood (Killeen, Fort Hood)(Bell County)
South Central -- Virginia: -- Shenandoah Valley -- Staunton & Waynesboro (Staunton, Frontier Culture Museum; Waynesboro, Shenandoah National Park access point)(Augusta County) 
South Central -- Virginia: -- Shenandoah Valley -- Harrisonburg & Rockingham County (Harrisonburg, James Madison University) 
South Central -- Virginia: -- Shenandoah Valley -- Winchester City (Winchester, Shenandoah Valley Discovery Center)(Independent City)
South Central -- Virginia: -- Virginia Blue Ridge -- Charlottesville & Albemarle County (Charlottesville, Downtown Mall, University of Virginia) 
South Central -- Virginia: -- Virginia Blue Ridge -- Lynchburg (Lynchburg, Liberty Mountain)(Independent City)
South Central -- Virginia: -- Richmond & Central Virginia -- Richmond (Richmond, Carytown, Virginia State Capitol)(Independent City)
South Central -- Virginia: -- Richmond & Central Virginia -- Henrico County (Short Pump Town Center)
South Central -- Virginia: -- Richmond & Central Virginia -- Chesterfield County (Richmond International Raceway)

Southeast -- Florida -- Miami & South Florida -- Miami Metro Area (Miami-Dade, Broward, Palm Beach) -- Miami, Fort Lauderdale, Hollywood, Pembroke Pines, Hialeah, Coral Gables, Doral, West Palm Beach, Boca Raton, Boynton Beach, Delray Beach
Southeast -- Florida -- Orlando & Central Florida -- Orlando Metro Area (Orange, Osceola, Seminole) -- Orlando, Kissimmee, Sanford, Winter Park, Maitland, Oviedo, Lake Mary
Southeast -- Florida -- Orlando & Central Florida -- Lakeland (Polk) -- Lakeland, Winter Haven, Auburndale
Southeast -- Florida -- Orlando & Central Florida -- Gainesville (Alachua) -- Gainesville, Alachua (Consider including in either Central or North Florida based on local preference)
Southeast -- Florida -- Tampa Bay & Southwest Florida -- Tampa Bay Metro Area (Hillsborough, Pinellas) -- Tampa, St. Petersburg, Clearwater, Sarasota, Bradenton
Southeast -- Florida -- Tampa Bay & Southwest Florida -- Sarasota-Bradenton Metro Area (Manatee, Sarasota) -- Sarasota, Bradenton, Lakewood Ranch, Venice, North Port
Southeast -- Florida -- Tampa Bay & Southwest Florida -- Fort Myers-Naples (Lee, Collier) -- Fort Myers, Naples, Cape Coral, Lehigh Acres, Estero
Southeast -- Florida -- Jacksonville & Northeast Florida -- Jacksonville Metro Area (Duval, Nassau, St. Johns) -- Jacksonville, Ponte Vedra Beach, Atlantic Beach, Neptune Beach, Fernandina Beach
Southeast -- Florida -- Jacksonville & Northeast Florida -- Gainesville (Alachua) -- Gainesville, Alachua (Consider including in either Central or North Florida based on local preference)
Southeast -- Georgia -- Atlanta & Georgia Piedmont -- Atlanta Metro Area (Fulton, DeKalb, Cobb) -- Atlanta, Sandy Springs, Roswell, Marietta, Smyrna, Alpharetta
Southeast -- Georgia -- Atlanta & Georgia Piedmont -- Athens-Clarke County -- Athens
Southeast -- Georgia -- Atlanta & Georgia Piedmont -- Macon (Bibb) -- Macon, Warner Robins
Southeast -- Georgia -- Atlanta & Georgia Piedmont -- Savannah (Chatham) -- Savannah, Pooler
Southeast -- Alabama -- Birmingham & Alabama -- Birmingham Metro Area (Jefferson, Shelby) -- Birmingham, Hoover, Vestavia Hills, Bessemer, Pelham
Southeast -- Alabama -- Birmingham & Alabama -- Huntsville (Madison) -- Huntsville, Madison, Decatur
Southeast -- Alabama -- Birmingham & Alabama -- Montgomery (Montgomery) -- Montgomery, Prattville, Auburn (Lee County)
Southeast -- Louisiana -- New Orleans & Southern Louisiana -- New Orleans Metro Area (Orleans, Jefferson, St. Bernard) -- New Orleans, Metairie, Kenner, Gretna, Harvey
Southeast -- Louisiana -- New Orleans & Southern Louisiana -- Baton Rouge Metro Area (East Baton Rouge) -- Baton Rouge, Zachary, Central
Southeast -- Louisiana -- New Orleans & Southern Louisiana -- Lafayette (Lafayette) -- Lafayette, Broussard, Carencro
Southeast -- Mississippi -- Mississippi Delta & Jackson -- Jackson Metro Area (Hinds, Rankin) -- Jackson, Clinton, Pearl
Southeast -- Mississippi -- Mississippi Delta & Jackson -- Mississippi Delta (Leflore, Washington, Humphreys) -- Greenville, Greenwood, Clarksdale